id,occupation_ru,occupation_es,title_full_es,municipio,provincia,date,date_iso,sector,sector_es,url
032026006913,Водитель грузовика,Conductor/a de camión,Conductor/a de camión (ref.: 6913),Allande,Asturias,25/09/2026,2026-09-25,TC,Transportes y comunicaciones,https://www.sistemanacionalempleo.es/OfertaDifusionWEB/detalleOferta.do?modo=inicio&id=032026006913&ret=B
032026007089,Животноводец,peon/a ganadero,1 peon/a ganadero (ref. 7089),Allande,Asturias,02/10/2026,2026-10-02,AA,Agrario,https://www.sistemanacionalempleo.es/OfertaDifusionWEB/detalleOferta.do?modo=inicio&id=032026007089&ret=B
032026006616,Административный помощник,Auxiliar administrativo,Auxiliar administrativo (ref:6616),Aller,Asturias,11/09/2026,2026-09-11,AO,Administración y oficinas,https://www.sistemanacionalempleo.es/OfertaDifusionWEB/detalleOferta.do?modo=inicio&id=032026006616&ret=B
032026007123,Мясник,Carnicero/a,Carnicero/a (ref.:7123),Aller,Asturias,05/10/2026,2026-10-05,IA,Industrias alimentarias,https://www.sistemanacionalempleo.es/OfertaDifusionWEB/detalleOferta.do?modo=inicio&id=032026007123&ret=B
032026006992,Повар,Cocinero/a,Cocinero/a (ref: 6992),Aller,Asturias,29/09/2026,2026-09-29,TH,Turismo y hostelería,https://www.sistemanacionalempleo.es/OfertaDifusionWEB/detalleOferta.do?modo=inicio&id=032026006992&ret=B
032026006458,Помощник повара,Ayudante de cocina,Ayudante de cocina (ref: 6458),Aller,Asturias,02/09/2026,2026-09-02,TH,Turismo y hostelería,https://www.sistemanacionalempleo.es/OfertaDifusionWEB/detalleOferta.do?modo=inicio&id=032026006458&ret=B
032026007045,Уборщик,Limpiador/a,Limpiador/a (ref.:7045),Aller,Asturias,01/10/2026,2026-10-01,SP,Servicios a la comunidad y personales,https://www.sistemanacionalempleo.es/OfertaDifusionWEB/detalleOferta.do?modo=inicio&id=032026007045&ret=B
032026006455,мясник,Charcutero/a carnicero/a,Charcutero/a carnicero/a (ref: 6455),Aller,Asturias,02/09/2026,2026-09-02,IA,Industrias alimentarias,https://www.sistemanacionalempleo.es/OfertaDifusionWEB/detalleOferta.do?modo=inicio&id=032026006455&ret=B
032026006880,,Agente comercial (reg: 6880 ),Agente comercial (reg: 6880 ),Aviles,Asturias,24/09/2026,2026-09-24,CC,Comercio,https://www.sistemanacionalempleo.es/OfertaDifusionWEB/detalleOferta.do?modo=inicio&id=032026006880&ret=B
032026006939,,Ayte/a de taller mecánico,Ayte/a de taller mecánico (ref: 6939),Aviles,Asturias,28/09/2026,2026-09-28,AU,Automoción,https://www.sistemanacionalempleo.es/OfertaDifusionWEB/detalleOferta.do?modo=inicio&id=032026006939&ret=B
032026006682,,Ayudante de peluqueria,Ayudante de peluqueria (ref.6682),Aviles,Asturias,15/09/2026,2026-09-15,SP,Servicios a la comunidad y personales,https://www.sistemanacionalempleo.es/OfertaDifusionWEB/detalleOferta.do?modo=inicio&id=032026006682&ret=B
032026007237,,Conductor/a de recogida de muebles y enseres,Conductor/a de recogida de muebles y enseres (ref: 7237),Aviles,Asturias,08/10/2026,2026-10-08,TC,Transportes y comunicaciones,https://www.sistemanacionalempleo.es/OfertaDifusionWEB/detalleOferta.do?modo=inicio&id=032026007237&ret=B
032026007286,,Docente cp actividades auxiliares de comercio (comt0211) joven ocúpate,Docente cp actividades auxiliares de comercio (comt0211) joven ocúpate (ref. 7286),Aviles,Asturias,09/10/2026,2026-10-09,DO,Docencia e investigación,https://www.sistemanacionalempleo.es/OfertaDifusionWEB/detalleOferta.do?modo=inicio&id=032026007286&ret=B
032026006793,,Formador/a en montaje de andamios,Formador/a en montaje de andamios (ref: 6793),Aviles,Asturias,21/09/2026,2026-09-21,DO,Docencia e investigación,https://www.sistemanacionalempleo.es/OfertaDifusionWEB/detalleOferta.do?modo=inicio&id=032026006793&ret=B
032026007076,,Mecánico/a del automóvil,Mecánico/a del automóvil (ref: 7076),Aviles,Asturias,02/10/2026,2026-10-02,AU,Automoción,https://www.sistemanacionalempleo.es/OfertaDifusionWEB/detalleOferta.do?modo=inicio&id=032026007076&ret=B
032026006668,,Mecánico/a naval,Mecánico/a naval (ref: 6668),Aviles,Asturias,30/09/2026,2026-09-30,TC,Transportes y comunicaciones,https://www.sistemanacionalempleo.es/OfertaDifusionWEB/detalleOferta.do?modo=inicio&id=032026006668&ret=B
032026007065,,"Mentor/a programa joven ocúpate ""actividades auxiliares de comercio""","Mentor/a programa joven ocúpate ""actividades auxiliares de comercio"" (ref: 7065)",Aviles,Asturias,02/10/2026,2026-10-02,DO,Docencia e investigación,https://www.sistemanacionalempleo.es/OfertaDifusionWEB/detalleOferta.do?modo=inicio&id=032026007065&ret=B
032026006681,,Monitor/a campamento para cee y técnico/a en atención sociosanitaria ref,Monitor/a campamento para cee y técnico/a en atención sociosanitaria ref(6681),Aviles,Asturias,16/09/2026,2026-09-16,SP,Servicios a la comunidad y personales,https://www.sistemanacionalempleo.es/OfertaDifusionWEB/detalleOferta.do?modo=inicio&id=032026006681&ret=B
032026007268,,Of. 1ª de cubiertas,Of. 1ª de cubiertas (ref: 7268),Aviles,Asturias,09/10/2026,2026-10-09,EO,Edificación y obras públicas,https://www.sistemanacionalempleo.es/OfertaDifusionWEB/detalleOferta.do?modo=inicio&id=032026007268&ret=B
032026007104,,Operador/a de excavadora chatarrera,Operador/a de excavadora chatarrera (ref: 7104),Aviles,Asturias,05/10/2026,2026-10-05,EO,Edificación y obras públicas,https://www.sistemanacionalempleo.es/OfertaDifusionWEB/detalleOferta.do?modo=inicio&id=032026007104&ret=B
032026007280,,Operario/a de construcción,Operario/a de construcción (ref. 7280),Aviles,Asturias,09/10/2026,2026-10-09,EO,Edificación y obras públicas,https://www.sistemanacionalempleo.es/OfertaDifusionWEB/detalleOferta.do?modo=inicio&id=032026007280&ret=B
032026007148,,Operario/a de subestaciones eléctricas,Operario/a de subestaciones eléctricas (ref.: 7148).,Aviles,Asturias,06/10/2026,2026-10-06,MO,Montaje e instalación,https://www.sistemanacionalempleo.es/OfertaDifusionWEB/detalleOferta.do?modo=inicio&id=032026007148&ret=B
032026007097,,"Participantes programa garantía juvenil - jóven ocúpate- en ""actividades auxiliares de comercio"" emaus","Participantes programa garantía juvenil - jóven ocúpate- en ""actividades auxiliares de comercio"" emaus (ref: 7097)",Aviles,Asturias,05/10/2026,2026-10-05,CC,Comercio,https://www.sistemanacionalempleo.es/OfertaDifusionWEB/detalleOferta.do?modo=inicio&id=032026007097&ret=B
032026007005,,Peón electricista,Peón electricista (ref.:7005),Aviles,Asturias,30/09/2026,2026-09-30,MO,Montaje e instalación,https://www.sistemanacionalempleo.es/OfertaDifusionWEB/detalleOferta.do?modo=inicio&id=032026007005&ret=B
032026007075,,Pintor/a pistola airless,Pintor/a pistola airless(ref: 7075),Aviles,Asturias,02/10/2026,2026-10-02,IP,Industria pesada y construcciones metálicas,https://www.sistemanacionalempleo.es/OfertaDifusionWEB/detalleOferta.do?modo=inicio&id=032026007075&ret=B
032026006767,,Profesor/a de apoyo a estudios postobligatorios,Profesor/a de apoyo a estudios postobligatorios (ref. 6767),Aviles,Asturias,21/09/2026,2026-09-21,DO,Docencia e investigación,https://www.sistemanacionalempleo.es/OfertaDifusionWEB/detalleOferta.do?modo=inicio&id=032026006767&ret=B
032026006921,,Profesor/a de extraescolar para infantil o primaria,Profesor/a de extraescolar para infantil o primaria ( ref. 6921 ),Aviles,Asturias,28/09/2026,2026-09-28,DO,Docencia e investigación,https://www.sistemanacionalempleo.es/OfertaDifusionWEB/detalleOferta.do?modo=inicio&id=032026006921&ret=B
032026007057,,Recepcionista para taller mecánico,Recepcionista para taller mecánico (ref: 7057),Aviles,Asturias,01/10/2026,2026-10-01,AO,Administración y oficinas,https://www.sistemanacionalempleo.es/OfertaDifusionWEB/detalleOferta.do?modo=inicio&id=032026007057&ret=B
032026006995,,Repartidor/a -dependiente/a,Repartidor/a -dependiente/a (ref: 6995),Aviles,Asturias,30/09/2026,2026-09-30,TC,Transportes y comunicaciones,https://www.sistemanacionalempleo.es/OfertaDifusionWEB/detalleOferta.do?modo=inicio&id=032026006995&ret=B
032026007094,,Tco./a de mantenimiento inudstrial,Tco./a de mantenimiento inudstrial (ref: 7094),Aviles,Asturias,05/10/2026,2026-10-05,MR,Mantenimiento y reparación,https://www.sistemanacionalempleo.es/OfertaDifusionWEB/detalleOferta.do?modo=inicio&id=032026007094&ret=B
032026007180,,Técnico/a de apoyo educativo,Técnico/a de apoyo educativo (ref.: 7180),Aviles,Asturias,07/10/2026,2026-10-07,SP,Servicios a la comunidad y personales,https://www.sistemanacionalempleo.es/OfertaDifusionWEB/detalleOferta.do?modo=inicio&id=032026007180&ret=B
032026007141,,Técnico/a electricidad de baja tensión,Técnico/a electricidad de baja tensión (ref.: 7141),Aviles,Asturias,06/10/2026,2026-10-06,PT,"Producción, transformación y distribución de energía y agua",https://www.sistemanacionalempleo.es/OfertaDifusionWEB/detalleOferta.do?modo=inicio&id=032026007141&ret=B
032026006853,,Técnico/a en control de calidad alimentaria,Técnico/a en control de calidad alimentaria (ref: 6853 ),Aviles,Asturias,23/09/2026,2026-09-23,EM,Servicios a las empresas,https://www.sistemanacionalempleo.es/OfertaDifusionWEB/detalleOferta.do?modo=inicio&id=032026006853&ret=B
032026006680,,"monitor/a deportivo/a para ""muévete por tu salud""","1 puesto de monitor/a deportivo/a para ""muévete por tu salud"" (ref: 6680)",Aviles,Asturias,15/09/2026,2026-09-15,SP,Servicios a la comunidad y personales,https://www.sistemanacionalempleo.es/OfertaDifusionWEB/detalleOferta.do?modo=inicio&id=032026006680&ret=B
032026006606,,puestos conductor/a operador/a grúa móvil,2 puestos conductor/a operador/a grúa móvil (ref:6606),Aviles,Asturias,11/09/2026,2026-09-11,TC,Transportes y comunicaciones,https://www.sistemanacionalempleo.es/OfertaDifusionWEB/detalleOferta.do?modo=inicio&id=032026006606&ret=B
032026005222,Водители фур (трейлеров),Conductores/as de tráiler,Conductores/as de tráiler (ref. 5222 ),Aviles,Asturias,09/10/2026,2026-10-09,TC,Transportes y comunicaciones,https://www.sistemanacionalempleo.es/OfertaDifusionWEB/detalleOferta.do?modo=inicio&id=032026005222&ret=B
032026007160,Водитель фуры (трейлера),Conductor/a de trailer,Conductor/a de trailer ( ref. 7160 ),Aviles,Asturias,06/10/2026,2026-10-06,TC,Transportes y comunicaciones,https://www.sistemanacionalempleo.es/OfertaDifusionWEB/detalleOferta.do?modo=inicio&id=032026007160&ret=B
032026006573,Коммерческие консультанты по телекоммуникациям,Asesores/as comerciales de telecomunicaciones,Asesores/as comerciales de telecomunicaciones (ref: 6573),Aviles,Asturias,05/10/2026,2026-10-05,CC,Comercio,https://www.sistemanacionalempleo.es/OfertaDifusionWEB/detalleOferta.do?modo=inicio&id=032026006573&ret=B
032026006572,Коммерческие консультанты по энергетике,Asesores/as comerciales energéticos,Asesores/as comerciales energéticos (ref: 6572),Aviles,Asturias,05/10/2026,2026-10-05,CC,Comercio,https://www.sistemanacionalempleo.es/OfertaDifusionWEB/detalleOferta.do?modo=inicio&id=032026006572&ret=B
032026006813,Котельщик (изготовитель металлоконструкций),Calderero/a,Calderero/a (ref: 6813),Aviles,Asturias,22/09/2026,2026-09-22,IP,Industria pesada y construcciones metálicas,https://www.sistemanacionalempleo.es/OfertaDifusionWEB/detalleOferta.do?modo=inicio&id=032026006813&ret=B
032026005648,Менеджер отеля,Gobernante/a de hotel,Gobernante/a de hotel (ref: 5648),Aviles,Asturias,18/09/2026,2026-09-18,TH,Turismo y hostelería,https://www.sistemanacionalempleo.es/OfertaDifusionWEB/detalleOferta.do?modo=inicio&id=032026005648&ret=B
032026003675,Менеджеры по продажам (ИИ),Comerciales inteligencia artificial,Comerciales inteligencia artificial (ref : 3675),Aviles,Asturias,05/10/2026,2026-10-05,CC,Comercio,https://www.sistemanacionalempleo.es/OfertaDifusionWEB/detalleOferta.do?modo=inicio&id=032026003675&ret=B
032026006727,Младшая медсестра (санитар),Auxiliar de enfermería,Auxiliar de enfermería (ref: 6727),Aviles,Asturias,17/09/2026,2026-09-17,SA,Sanidad,https://www.sistemanacionalempleo.es/OfertaDifusionWEB/detalleOferta.do?modo=inicio&id=032026006727&ret=B
032026006113,Оператор сцены,Operario/a etap,Operario/a etap (ref: 6113),Aviles,Asturias,14/09/2026,2026-09-14,EO,Edificación y obras públicas,https://www.sistemanacionalempleo.es/OfertaDifusionWEB/detalleOferta.do?modo=inicio&id=032026006113&ret=B
032026000244,Отключенный оператор,Operario/a con discapacidad,Operario/a con discapacidad (ref: 244),Aviles,Asturias,30/09/2026,2026-09-30,MT,Industrias manufactureras diversas,https://www.sistemanacionalempleo.es/OfertaDifusionWEB/detalleOferta.do?modo=inicio&id=032026000244&ret=B
032026000251,Подмастерье пекаря - кондитера с ограниченными возможностями.,Oficial/a panadero - pastelero con discapacidad,Oficial/a panadero - pastelero con discapacidad (ref: 251),Aviles,Asturias,30/09/2026,2026-09-30,IA,Industrias alimentarias,https://www.sistemanacionalempleo.es/OfertaDifusionWEB/detalleOferta.do?modo=inicio&id=032026000251&ret=B
032026004287,Помощник администратора,Auxiliar administrativo/a,Auxiliar administrativo/a (ref: 4287),Aviles,Asturias,16/09/2026,2026-09-16,AO,Administración y oficinas,https://www.sistemanacionalempleo.es/OfertaDifusionWEB/detalleOferta.do?modo=inicio&id=032026004287&ret=B
032026007008,Помощник повара (кухни),Ayte. de cocina,Ayte. de cocina (ref: 7008),Aviles,Asturias,30/09/2026,2026-09-30,TH,Turismo y hostelería,https://www.sistemanacionalempleo.es/OfertaDifusionWEB/detalleOferta.do?modo=inicio&id=032026007008&ret=B
032026005303,Помощники по уходу на дому,Auxiliares de ayuda a domicilio,Auxiliares de ayuda a domicilio (ref: 5303),Aviles,Asturias,07/10/2026,2026-10-07,SP,Servicios a la comunidad y personales,https://www.sistemanacionalempleo.es/OfertaDifusionWEB/detalleOferta.do?modo=inicio&id=032026005303&ret=B
032026007016,Рабочий по техническому обслуживанию,Operario/a de mantenimiento,Operario/a de mantenimiento ( ref. 7016 ),Aviles,Asturias,30/09/2026,2026-09-30,EO,Edificación y obras públicas,https://www.sistemanacionalempleo.es/OfertaDifusionWEB/detalleOferta.do?modo=inicio&id=032026007016&ret=B
032026006850,Сварщик,Soldador/a,Soldador/a ( ref. 6850 ),Aviles,Asturias,23/09/2026,2026-09-23,IP,Industria pesada y construcciones metálicas,https://www.sistemanacionalempleo.es/OfertaDifusionWEB/detalleOferta.do?modo=inicio&id=032026006850&ret=B
032026007050,Уборщик,Limpiador/a,Limpiador/a (ref.:7050),Aviles,Asturias,01/10/2026,2026-10-01,SP,Servicios a la comunidad y personales,https://www.sistemanacionalempleo.es/OfertaDifusionWEB/detalleOferta.do?modo=inicio&id=032026007050&ret=B
032026007267,Электрик,Electricista,Electricista (ref: 7267),Aviles,Asturias,09/10/2026,2026-10-09,MO,Montaje e instalación,https://www.sistemanacionalempleo.es/OfertaDifusionWEB/detalleOferta.do?modo=inicio&id=032026007267&ret=B
032026000248,коммерческий продавец с ограниченными возможностями,comercial-vendedor/a con discapacidad,5 puestos de comercial-vendedor/a con discapacidad. (ref. 248).,Aviles,Asturias,30/09/2026,2026-09-30,CC,Comercio,https://www.sistemanacionalempleo.es/OfertaDifusionWEB/detalleOferta.do?modo=inicio&id=032026000248&ret=B
032026005782,шахтный механик,mecanico/a de mina,1 mecanico/a de mina (ref.5782),Belmonte de miranda,Asturias,25/09/2026,2026-09-25,MO,Montaje e instalación,https://www.sistemanacionalempleo.es/OfertaDifusionWEB/detalleOferta.do?modo=inicio&id=032026005782&ret=B
032026006139,шахтный электрик,electrico/a de mina,1 electrico/a de mina (ref.6139),Belmonte de miranda,Asturias,07/10/2026,2026-10-07,MR,Mantenimiento y reparación,https://www.sistemanacionalempleo.es/OfertaDifusionWEB/detalleOferta.do?modo=inicio&id=032026006139&ret=B
032026006212,,Encargado/a mantenimiento finca particular en boal,Encargado/a mantenimiento finca particular en boal(ref.:6212),Boal,Asturias,05/10/2026,2026-10-05,AA,Agrario,https://www.sistemanacionalempleo.es/OfertaDifusionWEB/detalleOferta.do?modo=inicio&id=032026006212&ret=B
032026006678,,Psicólogo/a ( centro de dia cabrales),Psicólogo/a ( centro de dia cabrales)(ref:6678),Cabrales,Asturias,08/10/2026,2026-10-08,SP,Servicios a la comunidad y personales,https://www.sistemanacionalempleo.es/OfertaDifusionWEB/detalleOferta.do?modo=inicio&id=032026006678&ret=B
032026006612,Сиделка по уходу за пожилыми (герокультор),Gerocultor/a,Gerocultor/a (ref.6612),Cabrales,Asturias,30/09/2026,2026-09-30,SA,Sanidad,https://www.sistemanacionalempleo.es/OfertaDifusionWEB/detalleOferta.do?modo=inicio&id=032026006612&ret=B
032026006975,,Peón/a forestal,Peón/a forestal (ref.6975).,Candamo,Asturias,29/09/2026,2026-09-29,AA,Agrario,https://www.sistemanacionalempleo.es/OfertaDifusionWEB/detalleOferta.do?modo=inicio&id=032026006975&ret=B
032026006797,,integrador/a social,2 puestos de integrador/a social (ref. 6797),Cangas de onis,Asturias,22/09/2026,2026-09-22,SP,Servicios a la comunidad y personales,https://www.sistemanacionalempleo.es/OfertaDifusionWEB/detalleOferta.do?modo=inicio&id=032026006797&ret=B
032026005988,Медсестра / медбрат,Enfermero/a,Enfermero/a(ref:5988),Cangas de onis,Asturias,11/09/2026,2026-09-11,SA,Sanidad,https://www.sistemanacionalempleo.es/OfertaDifusionWEB/detalleOferta.do?modo=inicio&id=032026005988&ret=B
032026007052,производственный рабочий,peon de produccion,2 puestos de peon de produccion (7052),Cangas de onis,Asturias,01/10/2026,2026-10-01,MT,Industrias manufactureras diversas,https://www.sistemanacionalempleo.es/OfertaDifusionWEB/detalleOferta.do?modo=inicio&id=032026007052&ret=B
032026007266,,Oficial de jardineria - plan de empleo del ayto. de cangas del narcea,Oficial de jardineria - plan de empleo del ayto. de cangas del narcea (ref. 7266),Cangas del narcea,Asturias,09/10/2026,2026-10-09,AA,Agrario,https://www.sistemanacionalempleo.es/OfertaDifusionWEB/detalleOferta.do?modo=inicio&id=032026007266&ret=B
032026007264,,Oficial de obras y/o servicios multiples - plan de empleo del ayto. de cangas del narcea,Oficial de obras y/o servicios multiples - plan de empleo del ayto. de cangas del narcea (ref. 7264),Cangas del narcea,Asturias,09/10/2026,2026-10-09,EO,Edificación y obras públicas,https://www.sistemanacionalempleo.es/OfertaDifusionWEB/detalleOferta.do?modo=inicio&id=032026007264&ret=B
032026007047,,Operario/a para tractor con desbrozadora,Operario/a para tractor con desbrozadora (ref.7047),Cangas del narcea,Asturias,01/10/2026,2026-10-01,AA,Agrario,https://www.sistemanacionalempleo.es/OfertaDifusionWEB/detalleOferta.do?modo=inicio&id=032026007047&ret=B
032026007265,,Peón de jardineria - plan de empleo del ayto. de cangas del narcea,Peón de jardineria - plan de empleo del ayto. de cangas del narcea (ref. 7265),Cangas del narcea,Asturias,09/10/2026,2026-10-09,AA,Agrario,https://www.sistemanacionalempleo.es/OfertaDifusionWEB/detalleOferta.do?modo=inicio&id=032026007265&ret=B
032026007079,,empleados/as de limpieza,3 empleados/as de limpieza (ref.7079),Cangas del narcea,Asturias,02/10/2026,2026-10-02,SP,Servicios a la comunidad y personales,https://www.sistemanacionalempleo.es/OfertaDifusionWEB/detalleOferta.do?modo=inicio&id=032026007079&ret=B
032026007263,,peones de obras y/o servicios múltiples - plan de empleo del ayto. de cangas del narcea,2 peones de obras y/o servicios múltiples - plan de empleo del ayto. de cangas del narcea (ref. 7263),Cangas del narcea,Asturias,09/10/2026,2026-10-09,EO,Edificación y obras públicas,https://www.sistemanacionalempleo.es/OfertaDifusionWEB/detalleOferta.do?modo=inicio&id=032026007263&ret=B
032026007000,Лесные рабочие,peones forestales,4 peones forestales (ref.: 7000),Cangas del narcea,Asturias,30/09/2026,2026-09-30,AA,Agrario,https://www.sistemanacionalempleo.es/OfertaDifusionWEB/detalleOferta.do?modo=inicio&id=032026007000&ret=B
032026007084,Официант,camarero/a,1 camarero/a (ref.7084),Cangas del narcea,Asturias,02/10/2026,2026-10-02,TH,Turismo y hostelería,https://www.sistemanacionalempleo.es/OfertaDifusionWEB/detalleOferta.do?modo=inicio&id=032026007084&ret=B
032026007077,Повара,cocineros/as,2 cocineros/as (ref.7077),Cangas del narcea,Asturias,02/10/2026,2026-10-02,TH,Turismo y hostelería,https://www.sistemanacionalempleo.es/OfertaDifusionWEB/detalleOferta.do?modo=inicio&id=032026007077&ret=B
032026007128,Помощник администратора,auxiliar administrativo/a,1 auxiliar administrativo/a (ref.7128),Cangas del narcea,Asturias,05/10/2026,2026-10-05,AO,Administración y oficinas,https://www.sistemanacionalempleo.es/OfertaDifusionWEB/detalleOferta.do?modo=inicio&id=032026007128&ret=B
032026007081,кухонные помощники,ayudantes de cocina,2 ayudantes de cocina (ref.7081),Cangas del narcea,Asturias,02/10/2026,2026-10-02,TH,Turismo y hostelería,https://www.sistemanacionalempleo.es/OfertaDifusionWEB/detalleOferta.do?modo=inicio&id=032026007081&ret=B
032026006215,спортивные инструкторы,monitores/as deportivos,2 monitores/as deportivos (ref.: 6215),Cangas del narcea,Asturias,07/10/2026,2026-10-07,SP,Servicios a la comunidad y personales,https://www.sistemanacionalempleo.es/OfertaDifusionWEB/detalleOferta.do?modo=inicio&id=032026006215&ret=B
032026007067,,Cocinero/a para residencia de mayores,Cocinero/a para residencia de mayores (ref: 7067),Carreño,Asturias,02/10/2026,2026-10-02,TH,Turismo y hostelería,https://www.sistemanacionalempleo.es/OfertaDifusionWEB/detalleOferta.do?modo=inicio&id=032026007067&ret=B
032026007068,,Peón ganadero,Peón ganadero (ref.: 7068),Carreño,Asturias,02/10/2026,2026-10-02,AA,Agrario,https://www.sistemanacionalempleo.es/OfertaDifusionWEB/detalleOferta.do?modo=inicio&id=032026007068&ret=B
032026006763,,operario/a ensamblador/a,3 puestos de operario/a ensamblador/a (ref: 6763),Carreño,Asturias,18/09/2026,2026-09-18,MO,Montaje e instalación,https://www.sistemanacionalempleo.es/OfertaDifusionWEB/detalleOferta.do?modo=inicio&id=032026006763&ret=B
032026006092,Водитель автоцистерны с прицепом,Conductor/a de camión cisterna trailer,Conductor/a de camión cisterna trailer (ref: 6092),Carreño,Asturias,18/09/2026,2026-09-18,TC,Transportes y comunicaciones,https://www.sistemanacionalempleo.es/OfertaDifusionWEB/detalleOferta.do?modo=inicio&id=032026006092&ret=B
032026005446,Водитель промышленной уборочной машины,Conductor/a de camion de limpieza industrial,Conductor/a de camion de limpieza industrial (ref : 5446),Carreño,Asturias,30/09/2026,2026-09-30,TC,Transportes y comunicaciones,https://www.sistemanacionalempleo.es/OfertaDifusionWEB/detalleOferta.do?modo=inicio&id=032026005446&ret=B
032026007206,Курьер (развозчик),Repartidor/a,Repartidor/a (ref.: 7206),Carreño,Asturias,07/10/2026,2026-10-07,TC,Transportes y comunicaciones,https://www.sistemanacionalempleo.es/OfertaDifusionWEB/detalleOferta.do?modo=inicio&id=032026007206&ret=B
032026006400,Уборщик в Кандасе,Limpiador/a en candás,Limpiador/a en candás (ref.: 6400),Carreño,Asturias,01/10/2026,2026-10-01,SP,Servicios a la comunidad y personales,https://www.sistemanacionalempleo.es/OfertaDifusionWEB/detalleOferta.do?modo=inicio&id=032026006400&ret=B
032026007178,Чертежник,Delineante,Delineante (ref. 7178),Carreño,Asturias,07/10/2026,2026-10-07,EM,Servicios a las empresas,https://www.sistemanacionalempleo.es/OfertaDifusionWEB/detalleOferta.do?modo=inicio&id=032026007178&ret=B
032026006897,спортивный инструктор,monitor/a deportivo,1 puesto de monitor/a deportivo (ref: 6897),Carreño,Asturias,25/09/2026,2026-09-25,SP,Servicios a la comunidad y personales,https://www.sistemanacionalempleo.es/OfertaDifusionWEB/detalleOferta.do?modo=inicio&id=032026006897&ret=B
032026007091,,Técnico/a de intervención en educación,Técnico/a de intervención en educación (ref: 7091),Castrillon,Asturias,02/10/2026,2026-10-02,DO,Docencia e investigación,https://www.sistemanacionalempleo.es/OfertaDifusionWEB/detalleOferta.do?modo=inicio&id=032026007091&ret=B
032026006206,Домработница с проживанием,Empleada/o de hogar interna,Empleada/o de hogar interna (ref: 6206),Castrillon,Asturias,06/10/2026,2026-10-06,SP,Servicios a la comunidad y personales,https://www.sistemanacionalempleo.es/OfertaDifusionWEB/detalleOferta.do?modo=inicio&id=032026006206&ret=B
032026007069,Мясник,Carnicero/a,Carnicero/a (ref: 7069),Castrillon,Asturias,02/10/2026,2026-10-02,IA,Industrias alimentarias,https://www.sistemanacionalempleo.es/OfertaDifusionWEB/detalleOferta.do?modo=inicio&id=032026007069&ret=B
032026007138,Пекарь,Panadero/a,Panadero/a (ref: 7138),Castrillon,Asturias,06/10/2026,2026-10-06,IA,Industrias alimentarias,https://www.sistemanacionalempleo.es/OfertaDifusionWEB/detalleOferta.do?modo=inicio&id=032026007138&ret=B
032026006969,Продавец-консультант,Dependiente/a,Dependiente/a (ref: 6969),Castrillon,Asturias,29/09/2026,2026-09-29,CC,Comercio,https://www.sistemanacionalempleo.es/OfertaDifusionWEB/detalleOferta.do?modo=inicio&id=032026006969&ret=B
032026007257,Сиделка по уходу за пожилыми (герокультор),Gerocultor/a,Gerocultor/a (ref.: 7257),Castrillon,Asturias,09/10/2026,2026-10-09,SA,Sanidad,https://www.sistemanacionalempleo.es/OfertaDifusionWEB/detalleOferta.do?modo=inicio&id=032026007257&ret=B
032026006829,Эрготерапевт (специалист по трудотерапии),Terapeuta ocupacional,Terapeuta ocupacional (ref: 6829 ),Castrillon,Asturias,22/09/2026,2026-09-22,SP,Servicios a la comunidad y personales,https://www.sistemanacionalempleo.es/OfertaDifusionWEB/detalleOferta.do?modo=inicio&id=032026006829&ret=B
032026007190,,Operario/a de planta,Operario/a de planta (ref.7190),Castropol,Asturias,07/10/2026,2026-10-07,PT,"Producción, transformación y distribución de energía y agua",https://www.sistemanacionalempleo.es/OfertaDifusionWEB/detalleOferta.do?modo=inicio&id=032026007190&ret=B
032026007061,,Coordinador/a proyectos sociocomunitarios ayto de coaña ple itinerarios integrales de activación en el ámbito local,Coordinador/a proyectos sociocomunitarios ayto de coaña ple itinerarios integrales de activación en el ámbito local (ref.: 7061),Coaña,Asturias,02/10/2026,2026-10-02,SP,Servicios a la comunidad y personales,https://www.sistemanacionalempleo.es/OfertaDifusionWEB/detalleOferta.do?modo=inicio&id=032026007061&ret=B
032026007062,,Técnico/a medio de gestión ayuntamiento de coaña programa contratación para obtención de práctica profesional,Técnico/a medio de gestión ayuntamiento de coaña programa contratación para obtención de práctica profesional (ref.:7062),Coaña,Asturias,02/10/2026,2026-10-02,AO,Administración y oficinas,https://www.sistemanacionalempleo.es/OfertaDifusionWEB/detalleOferta.do?modo=inicio&id=032026007062&ret=B
032026006998,"Рабочий по уборке (мэрия Coaña, местный план занятости)",Operario/a de limpieza ayuntamiento de coaña ple itinerarios integrales de activación en el ámbito local,Operario/a de limpieza ayuntamiento de coaña ple itinerarios integrales de activación en el ámbito local (ref.:6998),Coaña,Asturias,30/09/2026,2026-09-30,SP,Servicios a la comunidad y personales,https://www.sistemanacionalempleo.es/OfertaDifusionWEB/detalleOferta.do?modo=inicio&id=032026006998&ret=B
032026006819,,Conductor/a coche,Conductor/a coche (ref.6819),Colunga,Asturias,22/09/2026,2026-09-22,TC,Transportes y comunicaciones,https://www.sistemanacionalempleo.es/OfertaDifusionWEB/detalleOferta.do?modo=inicio&id=032026006819&ret=B
032026007198,Личный помощник,Asistente personal,Asistente personal (ref.: 7198),Colunga,Asturias,07/10/2026,2026-10-07,SP,Servicios a la comunidad y personales,https://www.sistemanacionalempleo.es/OfertaDifusionWEB/detalleOferta.do?modo=inicio&id=032026007198&ret=B
032026007157,,Coordinador/a del equipo de ayuda a domicilio,Coordinador/a del equipo de ayuda a domicilio (ref:7157),Corvera de asturias,Asturias,06/10/2026,2026-10-06,SP,Servicios a la comunidad y personales,https://www.sistemanacionalempleo.es/OfertaDifusionWEB/detalleOferta.do?modo=inicio&id=032026007157&ret=B
032026007187,,Graduado/a c.c. de la actividad física y el deporte- turno general -plan de empleo 2026-2027.ayto de corvera,Graduado/a c.c. de la actividad física y el deporte- turno general -plan de empleo 2026-2027.ayto de corvera ( ref. 7187 ),Corvera de asturias,Asturias,07/10/2026,2026-10-07,SP,Servicios a la comunidad y personales,https://www.sistemanacionalempleo.es/OfertaDifusionWEB/detalleOferta.do?modo=inicio&id=032026007187&ret=B
032026007220,,Graduado/a en magisterio por educación física - contrato en prácticas,Graduado/a en magisterio por educación física - contrato en prácticas (ref.: 7220),Corvera de asturias,Asturias,08/10/2026,2026-10-08,DO,Docencia e investigación,https://www.sistemanacionalempleo.es/OfertaDifusionWEB/detalleOferta.do?modo=inicio&id=032026007220&ret=B
032026007109,,Mecánico/a de maquinaria pesada,Mecánico/a de maquinaria pesada (ref: 7109),Corvera de asturias,Asturias,05/10/2026,2026-10-05,MR,Mantenimiento y reparación,https://www.sistemanacionalempleo.es/OfertaDifusionWEB/detalleOferta.do?modo=inicio&id=032026007109&ret=B
032026007182,,Mecánico/a turno general -plan de empleo 2026-2027.ayto de corvera,Mecánico/a turno general -plan de empleo 2026-2027.ayto de corvera ( ref. 7182 ),Corvera de asturias,Asturias,07/10/2026,2026-10-07,AU,Automoción,https://www.sistemanacionalempleo.es/OfertaDifusionWEB/detalleOferta.do?modo=inicio&id=032026007182&ret=B
032026005387,,Proyectista / arquitecto/ arquitecto técnico,Proyectista / arquitecto/ arquitecto técnico (ref: 5387),Corvera de asturias,Asturias,15/09/2026,2026-09-15,EM,Servicios a las empresas,https://www.sistemanacionalempleo.es/OfertaDifusionWEB/detalleOferta.do?modo=inicio&id=032026005387&ret=B
032026007222,,Técnico/a en integración social-contratos de trabajo en prácticas 2026-2027. ayuntamiento de corvera,Técnico/a en integración social-contratos de trabajo en prácticas 2026-2027. ayuntamiento de corvera ( ref. 7222 ),Corvera de asturias,Asturias,08/10/2026,2026-10-08,SP,Servicios a la comunidad y personales,https://www.sistemanacionalempleo.es/OfertaDifusionWEB/detalleOferta.do?modo=inicio&id=032026007222&ret=B
032026007201,,"auxiliar administrativo/a-turno general, plan de empleo del ayuntamiento de corvera de asturias 2026-2027","1 auxiliar administrativo/a-turno general, plan de empleo del ayuntamiento de corvera de asturias 2026-2027 ( ref: 7201)",Corvera de asturias,Asturias,07/10/2026,2026-10-07,AO,Administración y oficinas,https://www.sistemanacionalempleo.es/OfertaDifusionWEB/detalleOferta.do?modo=inicio&id=032026007201&ret=B
032026007195,,auxiliar de servicios administrativos y generales (taquillero/a) plan de empleo 2026-27 - ayto. de corvera,1 auxiliar de servicios administrativos y generales (taquillero/a) plan de empleo 2026-27 - ayto. de corvera (ref: 7195),Corvera de asturias,Asturias,07/10/2026,2026-10-07,IM,Información y manifestaciones artísticas,https://www.sistemanacionalempleo.es/OfertaDifusionWEB/detalleOferta.do?modo=inicio&id=032026007195&ret=B
032026007179,,"auxiliares administrativos mayores de 45 años, plan de empleo del ayuntamiento de corvera de asturias 2026-2027","2 auxiliares administrativos mayores de 45 años, plan de empleo del ayuntamiento de corvera de asturias 2026-2027 ( ref: 7179)",Corvera de asturias,Asturias,07/10/2026,2026-10-07,AO,Administración y oficinas,https://www.sistemanacionalempleo.es/OfertaDifusionWEB/detalleOferta.do?modo=inicio&id=032026007179&ret=B
032026007181,,auxiliares jardineros/as-salario social básico/imv- plan de empleo 2026-2027.ayto de corvera,6 puestos de auxiliares jardineros/as-salario social básico/imv- plan de empleo 2026-2027.ayto de corvera ( ref. 7181 ),Corvera de asturias,Asturias,07/10/2026,2026-10-07,AA,Agrario,https://www.sistemanacionalempleo.es/OfertaDifusionWEB/detalleOferta.do?modo=inicio&id=032026007181&ret=B
032026007188,,"delineante/a mayor de 45 años, plan de empleo del ayuntamiento de corvera de asturias 2026-2027","1 delineante/a mayor de 45 años, plan de empleo del ayuntamiento de corvera de asturias 2026-2027 ( ref: 7188)",Corvera de asturias,Asturias,07/10/2026,2026-10-07,EM,Servicios a las empresas,https://www.sistemanacionalempleo.es/OfertaDifusionWEB/detalleOferta.do?modo=inicio&id=032026007188&ret=B
032026007224,,gestor/a de administración- contrato formativo obtención practica profesional 2026-27. ayto. de corvera de asturias,1 gestor/a de administración- contrato formativo obtención practica profesional 2026-27. ayto. de corvera de asturias (ref: 7224).,Corvera de asturias,Asturias,08/10/2026,2026-10-08,AO,Administración y oficinas,https://www.sistemanacionalempleo.es/OfertaDifusionWEB/detalleOferta.do?modo=inicio&id=032026007224&ret=B
032026007203,,monitores/as de informática mayores de 45 años-plan de empleo 2026-2027. ayto de corvera,2 puestos de monitores/as de informática mayores de 45 años-plan de empleo 2026-2027. ayto de corvera ( ref. 7203 ),Corvera de asturias,Asturias,07/10/2026,2026-10-07,EM,Servicios a las empresas,https://www.sistemanacionalempleo.es/OfertaDifusionWEB/detalleOferta.do?modo=inicio&id=032026007203&ret=B
032026007200,,"oficiales pintores/as, plan de empleo del ayuntamiento de corvera de asturias 2026/2027","2 oficiales pintores/as, plan de empleo del ayuntamiento de corvera de asturias 2026/2027 (ref. 7200)",Corvera de asturias,Asturias,07/10/2026,2026-10-07,EO,Edificación y obras públicas,https://www.sistemanacionalempleo.es/OfertaDifusionWEB/detalleOferta.do?modo=inicio&id=032026007200&ret=B
032026007186,,"peones/as de obras públicas, plan de empleo del ayuntamiento de corvera de asturias 2026/2027","2 peones/as de obras públicas, plan de empleo del ayuntamiento de corvera de asturias 2026/2027 (ref. 7186)",Corvera de asturias,Asturias,07/10/2026,2026-10-07,EO,Edificación y obras públicas,https://www.sistemanacionalempleo.es/OfertaDifusionWEB/detalleOferta.do?modo=inicio&id=032026007186&ret=B
032026007229,,tecnico/a en educación infantil- contrato formativo obtención practica profesional 2026-27. ayto.corvera de asturias,1 tecnico/a en educación infantil- contrato formativo obtención practica profesional 2026-27. ayto.corvera de asturias (ref:7229).,Corvera de asturias,Asturias,08/10/2026,2026-10-08,DO,Docencia e investigación,https://www.sistemanacionalempleo.es/OfertaDifusionWEB/detalleOferta.do?modo=inicio&id=032026007229&ret=B
032026007112,Административный работник,Administrativo/a,Administrativo/a (ref: 7112),Corvera de asturias,Asturias,05/10/2026,2026-10-05,AO,Administración y oficinas,https://www.sistemanacionalempleo.es/OfertaDifusionWEB/detalleOferta.do?modo=inicio&id=032026007112&ret=B
032026007242,Водитель такси,conductor/a de taxi,1 conductor/a de taxi (ref. 7242),Corvera de asturias,Asturias,08/10/2026,2026-10-08,TC,Transportes y comunicaciones,https://www.sistemanacionalempleo.es/OfertaDifusionWEB/detalleOferta.do?modo=inicio&id=032026007242&ret=B
032026007259,Медсестра / медбрат,Enfermero/a,Enfermero/a (ref: 7259),Corvera de asturias,Asturias,09/10/2026,2026-10-09,SA,Sanidad,https://www.sistemanacionalempleo.es/OfertaDifusionWEB/detalleOferta.do?modo=inicio&id=032026007259&ret=B
032026004969,Рабочий шиномонтажа и быстрого автосервиса,Operario/a de taller de neumáticos y mecánica rápida,Operario/a de taller de neumáticos y mecánica rápida ( ref. 4969 ),Corvera de asturias,Asturias,17/09/2026,2026-09-17,AU,Automoción,https://www.sistemanacionalempleo.es/OfertaDifusionWEB/detalleOferta.do?modo=inicio&id=032026004969&ret=B
032026006788,Сиделка по уходу за пожилыми (герокультор),Gerocultor/a,Gerocultor/a ( ref.6788 ),Corvera de asturias,Asturias,21/09/2026,2026-09-21,SA,Sanidad,https://www.sistemanacionalempleo.es/OfertaDifusionWEB/detalleOferta.do?modo=inicio&id=032026006788&ret=B
032026007130,Уборщик,Limpiador o limpiadora,Limpiador o limpiadora (ref: 7130),Corvera de asturias,Asturias,05/10/2026,2026-10-05,SP,Servicios a la comunidad y personales,https://www.sistemanacionalempleo.es/OfertaDifusionWEB/detalleOferta.do?modo=inicio&id=032026007130&ret=B
032026003524,Уборщики,Peones/as de limpieza,Peones/as de limpieza (ref: 3524),Corvera de asturias,Asturias,17/09/2026,2026-09-17,SP,Servicios a la comunidad y personales,https://www.sistemanacionalempleo.es/OfertaDifusionWEB/detalleOferta.do?modo=inicio&id=032026003524&ret=B
032026006703,Электромеханический,Electromecánico/a,Electromecánico/a (ref. 6703),Corvera de asturias,Asturias,16/09/2026,2026-09-16,MR,Mantenimiento y reparación,https://www.sistemanacionalempleo.es/OfertaDifusionWEB/detalleOferta.do?modo=inicio&id=032026006703&ret=B
032026006753,регистратор,Recepcionista,Recepcionista (ref: 6753),Corvera de asturias,Asturias,18/09/2026,2026-09-18,TH,Turismo y hostelería,https://www.sistemanacionalempleo.es/OfertaDifusionWEB/detalleOferta.do?modo=inicio&id=032026006753&ret=B
032026007100,,arquitecto/a superior . contrato formativo. ayuntamiento cudillero,1 arquitecto/a superior . contrato formativo. ayuntamiento cudillero(ref. 7100),Cudillero,Asturias,05/10/2026,2026-10-05,EO,Edificación y obras públicas,https://www.sistemanacionalempleo.es/OfertaDifusionWEB/detalleOferta.do?modo=inicio&id=032026007100&ret=B
032026007139,,oficial 1ª electromecánico- empresa aqualia,1 oficial 1ª electromecánico- empresa aqualia- (ref. 7139),Cudillero,Asturias,06/10/2026,2026-10-06,MO,Montaje e instalación,https://www.sistemanacionalempleo.es/OfertaDifusionWEB/detalleOferta.do?modo=inicio&id=032026007139&ret=B
032026007096,,peones obras públicas. plan empleo ayuntamiento cudillero,4 peones obras públicas. plan empleo ayuntamiento cudillero (ref. 7096),Cudillero,Asturias,05/10/2026,2026-10-05,EO,Edificación y obras públicas,https://www.sistemanacionalempleo.es/OfertaDifusionWEB/detalleOferta.do?modo=inicio&id=032026007096&ret=B
032026006785,Персонал по уборке,personal de limpieza,1 personal de limpieza (ref: 6785),Cudillero,Asturias,21/09/2026,2026-09-21,SP,Servicios a la comunidad y personales,https://www.sistemanacionalempleo.es/OfertaDifusionWEB/detalleOferta.do?modo=inicio&id=032026006785&ret=B
032026006380,2-й строитель,oficial de 2ª de la construcción,1 oficial de 2ª de la construcción (ref. 6380),Gijón,Asturias,31/08/2026,2026-08-31,EO,Edificación y obras públicas,https://www.sistemanacionalempleo.es/OfertaDifusionWEB/detalleOferta.do?modo=inicio&id=032026006380&ret=B
032026007272,,Animador/a de área de ocio,Animador/a de área de ocio (ref.: 7272),Gijón,Asturias,09/10/2026,2026-10-09,SP,Servicios a la comunidad y personales,https://www.sistemanacionalempleo.es/OfertaDifusionWEB/detalleOferta.do?modo=inicio&id=032026007272&ret=B
032026007177,,Auxiliar de floristería,Auxiliar de floristería (ref.: 7177),Gijón,Asturias,07/10/2026,2026-10-07,CC,Comercio,https://www.sistemanacionalempleo.es/OfertaDifusionWEB/detalleOferta.do?modo=inicio&id=032026007177&ret=B
032026007144,,Auxiliar geriatría,Auxiliar geriatría (ref: 7144),Gijón,Asturias,06/10/2026,2026-10-06,SA,Sanidad,https://www.sistemanacionalempleo.es/OfertaDifusionWEB/detalleOferta.do?modo=inicio&id=032026007144&ret=B
032026006610,,Ayudante de equipo de catering,Ayudante de equipo de catering (ref.: 6610),Gijón,Asturias,29/09/2026,2026-09-29,IA,Industrias alimentarias,https://www.sistemanacionalempleo.es/OfertaDifusionWEB/detalleOferta.do?modo=inicio&id=032026006610&ret=B
032026006833,,Ayudante de peluquería,Ayudante de peluquería (ref.:6833),Gijón,Asturias,22/09/2026,2026-09-22,SP,Servicios a la comunidad y personales,https://www.sistemanacionalempleo.es/OfertaDifusionWEB/detalleOferta.do?modo=inicio&id=032026006833&ret=B
032026007153,,Ayudante de pescadero/a,Ayudante de pescadero/a (ref.: 7153),Gijón,Asturias,06/10/2026,2026-10-06,CC,Comercio,https://www.sistemanacionalempleo.es/OfertaDifusionWEB/detalleOferta.do?modo=inicio&id=032026007153&ret=B
032026007155,,Camarera/o de hotel apartamentos turísticos,Camarera/o de hotel apartamentos turísticos (ref.: 7155),Gijón,Asturias,06/10/2026,2026-10-06,TH,Turismo y hostelería,https://www.sistemanacionalempleo.es/OfertaDifusionWEB/detalleOferta.do?modo=inicio&id=032026007155&ret=B
032026006604,,Camarero/a para bingo,Camarero/a para bingo (ref.: 6604),Gijón,Asturias,11/09/2026,2026-09-11,TH,Turismo y hostelería,https://www.sistemanacionalempleo.es/OfertaDifusionWEB/detalleOferta.do?modo=inicio&id=032026006604&ret=B
032026007103,,Carpintero/a armarios ref,Carpintero/a armarios ref.:(7103),Gijón,Asturias,05/10/2026,2026-10-05,AR,Artesanía,https://www.sistemanacionalempleo.es/OfertaDifusionWEB/detalleOferta.do?modo=inicio&id=032026007103&ret=B
032026006966,,Chapista ref,Chapista ref.:(6966),Gijón,Asturias,28/09/2026,2026-09-28,AU,Automoción,https://www.sistemanacionalempleo.es/OfertaDifusionWEB/detalleOferta.do?modo=inicio&id=032026006966&ret=B
032026006999,,Charcutero/a,Charcutero/a (ref.: 6999),Gijón,Asturias,30/09/2026,2026-09-30,CC,Comercio,https://www.sistemanacionalempleo.es/OfertaDifusionWEB/detalleOferta.do?modo=inicio&id=032026006999&ret=B
032026006989,,Charcutero/a-cortador/a de jamón,Charcutero/a-cortador/a de jamón (ref.: 6989),Gijón,Asturias,29/09/2026,2026-09-29,TH,Turismo y hostelería,https://www.sistemanacionalempleo.es/OfertaDifusionWEB/detalleOferta.do?modo=inicio&id=032026006989&ret=B
032026007262,,Chofer 2ª ref,Chofer 2ª ref.:(7262),Gijón,Asturias,09/10/2026,2026-10-09,TC,Transportes y comunicaciones,https://www.sistemanacionalempleo.es/OfertaDifusionWEB/detalleOferta.do?modo=inicio&id=032026007262&ret=B
032026007226,,Coordinador/a de exposiciones y residencias,Coordinador/a de exposiciones y residencias (ref.: 7226),Gijón,Asturias,08/10/2026,2026-10-08,SP,Servicios a la comunidad y personales,https://www.sistemanacionalempleo.es/OfertaDifusionWEB/detalleOferta.do?modo=inicio&id=032026007226&ret=B
032026007269,,Coordinador/a de área de gestión,Coordinador/a de área de gestión (ref.: 7269),Gijón,Asturias,09/10/2026,2026-10-09,AO,Administración y oficinas,https://www.sistemanacionalempleo.es/OfertaDifusionWEB/detalleOferta.do?modo=inicio&id=032026007269&ret=B
032026002877,,Cuidador/a residencia personas con discapacidad nueva difusión,Cuidador/a residencia personas con discapacidad (ref.:2877)nueva difusión,Gijón,Asturias,15/09/2026,2026-09-15,SP,Servicios a la comunidad y personales,https://www.sistemanacionalempleo.es/OfertaDifusionWEB/detalleOferta.do?modo=inicio&id=032026002877&ret=B
032026007083,,Departamento laboral ref,Departamento laboral ref.:(7083),Gijón,Asturias,02/10/2026,2026-10-02,AO,Administración y oficinas,https://www.sistemanacionalempleo.es/OfertaDifusionWEB/detalleOferta.do?modo=inicio&id=032026007083&ret=B
032026007227,,"Docente cp ""op. auxiliares de montaje y mantenimiento de sistemas microinformáticos"" (ifct0108)-programa joven ocupate","Docente cp ""op. auxiliares de montaje y mantenimiento de sistemas microinformáticos"" (ifct0108)-programa joven ocupate- (ref.7227)",Gijón,Asturias,08/10/2026,2026-10-08,DO,Docencia e investigación,https://www.sistemanacionalempleo.es/OfertaDifusionWEB/detalleOferta.do?modo=inicio&id=032026007227&ret=B
032026007105,,Encuestadores/as,Encuestadores/as (ref.: 7105),Gijón,Asturias,05/10/2026,2026-10-05,EM,Servicios a las empresas,https://www.sistemanacionalempleo.es/OfertaDifusionWEB/detalleOferta.do?modo=inicio&id=032026007105&ret=B
032026006981,,Gestor/a administrativo/a-contable,Gestor/a administrativo/a-contable (ref.: 6981),Gijón,Asturias,29/09/2026,2026-09-29,AO,Administración y oficinas,https://www.sistemanacionalempleo.es/OfertaDifusionWEB/detalleOferta.do?modo=inicio&id=032026006981&ret=B
032026006860,,Higienista bucodental,Higienista bucodental (ref.:6860),Gijón,Asturias,23/09/2026,2026-09-23,SA,Sanidad,https://www.sistemanacionalempleo.es/OfertaDifusionWEB/detalleOferta.do?modo=inicio&id=032026006860&ret=B
032026007064,,Ingeniera/o de datos júnior en proyectos de i+d con ia,Ingeniera/o de datos júnior en proyectos de i+d con ia (ref. 7064),Gijón,Asturias,02/10/2026,2026-10-02,EM,Servicios a las empresas,https://www.sistemanacionalempleo.es/OfertaDifusionWEB/detalleOferta.do?modo=inicio&id=032026007064&ret=B
032026005246,,Instalador/a montador/a de carpinteria metálica,Instalador/a montador/a de carpinteria metálica (ref.5246),Gijón,Asturias,06/10/2026,2026-10-06,IP,Industria pesada y construcciones metálicas,https://www.sistemanacionalempleo.es/OfertaDifusionWEB/detalleOferta.do?modo=inicio&id=032026005246&ret=B
032026007127,,Jefe/a de almacén y logística - sección construcción,Jefe/a de almacén y logística - sección construcción (ref: 7127),Gijón,Asturias,05/10/2026,2026-10-05,AO,Administración y oficinas,https://www.sistemanacionalempleo.es/OfertaDifusionWEB/detalleOferta.do?modo=inicio&id=032026007127&ret=B
032026006804,,Jefe/a de equipo de mantenimiento,Jefe/a de equipo de mantenimiento (ref.: 6804),Gijón,Asturias,22/09/2026,2026-09-22,MR,Mantenimiento y reparación,https://www.sistemanacionalempleo.es/OfertaDifusionWEB/detalleOferta.do?modo=inicio&id=032026006804&ret=B
032026007241,,Marinero/a de pesca,Marinero/a de pesca (ref. 7241),Gijón,Asturias,09/10/2026,2026-10-09,PA,Pesca y acuicultura,https://www.sistemanacionalempleo.es/OfertaDifusionWEB/detalleOferta.do?modo=inicio&id=032026007241&ret=B
032026006818,,Mecánico/a de vehículos ref,Mecánico/a de vehículos ref.:(6818),Gijón,Asturias,22/09/2026,2026-09-22,AU,Automoción,https://www.sistemanacionalempleo.es/OfertaDifusionWEB/detalleOferta.do?modo=inicio&id=032026006818&ret=B
032026007247,,Mentor/a proyecto joven ocúpate,Mentor/a proyecto joven ocúpate (ref.7247),Gijón,Asturias,09/10/2026,2026-10-09,DO,Docencia e investigación,https://www.sistemanacionalempleo.es/OfertaDifusionWEB/detalleOferta.do?modo=inicio&id=032026007247&ret=B
032026006795,,Monitor/a de actividades de raqueta ref,Monitor/a de actividades de raqueta ref.:(6795),Gijón,Asturias,21/09/2026,2026-09-21,SP,Servicios a la comunidad y personales,https://www.sistemanacionalempleo.es/OfertaDifusionWEB/detalleOferta.do?modo=inicio&id=032026006795&ret=B
032026006755,,"Monitor/a de extraescolares- arte, manualidades y dibujo","Monitor/a de extraescolares- arte, manualidades y dibujo.( ref.: 6755)",Gijón,Asturias,18/09/2026,2026-09-18,DO,Docencia e investigación,https://www.sistemanacionalempleo.es/OfertaDifusionWEB/detalleOferta.do?modo=inicio&id=032026006755&ret=B
032026006762,,Monitor/a de extraescolares-inglés,Monitor/a de extraescolares-inglés (ref.: 6762),Gijón,Asturias,18/09/2026,2026-09-18,DO,Docencia e investigación,https://www.sistemanacionalempleo.es/OfertaDifusionWEB/detalleOferta.do?modo=inicio&id=032026006762&ret=B
032026006776,,Monitor/a de natación y actividades dirigidas ref,Monitor/a de natación y actividades dirigidas ref.:(6776),Gijón,Asturias,21/09/2026,2026-09-21,SP,Servicios a la comunidad y personales,https://www.sistemanacionalempleo.es/OfertaDifusionWEB/detalleOferta.do?modo=inicio&id=032026006776&ret=B
032026006780,,Mozo/a almacen ref,Mozo/a almacen ref.:(6780),Gijón,Asturias,21/09/2026,2026-09-21,CC,Comercio,https://www.sistemanacionalempleo.es/OfertaDifusionWEB/detalleOferta.do?modo=inicio&id=032026006780&ret=B
032026006683,,Nueva difusión - dependiente/a de textil,Nueva difusión - dependiente/a de textil (ref. 6683),Gijón,Asturias,28/09/2026,2026-09-28,CC,Comercio,https://www.sistemanacionalempleo.es/OfertaDifusionWEB/detalleOferta.do?modo=inicio&id=032026006683&ret=B
032026002736,,Nueva difusión - vendedor/a autoventa,Nueva difusión - vendedor/a autoventa (ref. 2736),Gijón,Asturias,02/10/2026,2026-10-02,CC,Comercio,https://www.sistemanacionalempleo.es/OfertaDifusionWEB/detalleOferta.do?modo=inicio&id=032026002736&ret=B
032026007126,,Oficial de primera de peluquería,Oficial de primera de peluquería (ref. 7126),Gijón,Asturias,05/10/2026,2026-10-05,SP,Servicios a la comunidad y personales,https://www.sistemanacionalempleo.es/OfertaDifusionWEB/detalleOferta.do?modo=inicio&id=032026007126&ret=B
032026007106,,Operario/a de producción y ajuste de máquinas,Operario/a de producción y ajuste de máquinas (ref: 7106),Gijón,Asturias,05/10/2026,2026-10-05,IP,Industria pesada y construcciones metálicas,https://www.sistemanacionalempleo.es/OfertaDifusionWEB/detalleOferta.do?modo=inicio&id=032026007106&ret=B
032026007006,,Operario/a de puente grúa,Operario/a de puente grúa (ref.: 7006),Gijón,Asturias,30/09/2026,2026-09-30,IP,Industria pesada y construcciones metálicas,https://www.sistemanacionalempleo.es/OfertaDifusionWEB/detalleOferta.do?modo=inicio&id=032026007006&ret=B
032026006891,,Personal para limpieza doméstica,Personal para limpieza doméstica (ref.: 6891),Gijón,Asturias,24/09/2026,2026-09-24,SP,Servicios a la comunidad y personales,https://www.sistemanacionalempleo.es/OfertaDifusionWEB/detalleOferta.do?modo=inicio&id=032026006891&ret=B
032026007254,,Peón/a de carpintería,Peón/a de carpintería (ref.:7254),Gijón,Asturias,09/10/2026,2026-10-09,MD,Industrias de la madera y corcho,https://www.sistemanacionalempleo.es/OfertaDifusionWEB/detalleOferta.do?modo=inicio&id=032026007254&ret=B
032026006757,,Terapeuta ocupacional ref,Terapeuta ocupacional ref..(6757),Gijón,Asturias,18/09/2026,2026-09-18,SP,Servicios a la comunidad y personales,https://www.sistemanacionalempleo.es/OfertaDifusionWEB/detalleOferta.do?modo=inicio&id=032026006757&ret=B
032026006926,,Técnico/a auxiliar de farmacia,Técnico/a auxiliar de farmacia (ref. 6926),Gijón,Asturias,28/09/2026,2026-09-28,SA,Sanidad,https://www.sistemanacionalempleo.es/OfertaDifusionWEB/detalleOferta.do?modo=inicio&id=032026006926&ret=B
032026007235,,Técnico/a de apoyo educativo,Técnico/a de apoyo educativo (ref.: 7235),Gijón,Asturias,08/10/2026,2026-10-08,SP,Servicios a la comunidad y personales,https://www.sistemanacionalempleo.es/OfertaDifusionWEB/detalleOferta.do?modo=inicio&id=032026007235&ret=B
032026007037,,Técnico/a de i+d en ia y analítica avanzada,Técnico/a de i+d en ia y analítica avanzada (ref.: 7037),Gijón,Asturias,01/10/2026,2026-10-01,EM,Servicios a las empresas,https://www.sistemanacionalempleo.es/OfertaDifusionWEB/detalleOferta.do?modo=inicio&id=032026007037&ret=B
032026007142,,Técnico/a de taller,Técnico/a de taller (ref. 7142),Gijón,Asturias,06/10/2026,2026-10-06,MR,Mantenimiento y reparación,https://www.sistemanacionalempleo.es/OfertaDifusionWEB/detalleOferta.do?modo=inicio&id=032026007142&ret=B
032026007036,,Técnico/a en sistemas de seguridad,Técnico/a en sistemas de seguridad (ref. 7036),Gijón,Asturias,01/10/2026,2026-10-01,MR,Mantenimiento y reparación,https://www.sistemanacionalempleo.es/OfertaDifusionWEB/detalleOferta.do?modo=inicio&id=032026007036&ret=B
032026006809,,Técnico/a supeior en edificación- delineante,Técnico/a supeior en edificación- delineante (ref.: 6809),Gijón,Asturias,22/09/2026,2026-09-22,EM,Servicios a las empresas,https://www.sistemanacionalempleo.es/OfertaDifusionWEB/detalleOferta.do?modo=inicio&id=032026006809&ret=B
032026007070,,Técnico/a vivero-garden,Técnico/a vivero-garden (ref.: 7070),Gijón,Asturias,02/10/2026,2026-10-02,AA,Agrario,https://www.sistemanacionalempleo.es/OfertaDifusionWEB/detalleOferta.do?modo=inicio&id=032026007070&ret=B
032026007110,,"alumnos/as trabajadores/as ""operaciones aux. de montaje y manten. sistemas microinformáticos"" programa joven ocúpate","10 alumnos/as trabajadores/as ""operaciones aux. de montaje y manten. sistemas microinformáticos"" programa joven ocúpate (ref 7110)",Gijón,Asturias,05/10/2026,2026-10-05,EM,Servicios a las empresas,https://www.sistemanacionalempleo.es/OfertaDifusionWEB/detalleOferta.do?modo=inicio&id=032026007110&ret=B
032026007107,,"alumnos/as trabajadores/as ""operaciones auxiliares de servicios administrativos y generales  programa joven ocúpate","10 alumnos/as trabajadores/as ""operaciones auxiliares de servicios administrativos y generales  programa joven ocúpate (ref.7107)",Gijón,Asturias,05/10/2026,2026-10-05,AO,Administración y oficinas,https://www.sistemanacionalempleo.es/OfertaDifusionWEB/detalleOferta.do?modo=inicio&id=032026007107&ret=B
032026007169,,"alumnos/as trabajadores/as-joven ocúpate-""operaciones aux. de montaje y mto. sistemas microinformáticos""-expoacción","10 alumnos/as trabajadores/as-joven ocúpate-""operaciones aux. de montaje y mto. sistemas microinformáticos""-expoacción (ref: 7169)",Gijón,Asturias,06/10/2026,2026-10-06,EM,Servicios a las empresas,https://www.sistemanacionalempleo.es/OfertaDifusionWEB/detalleOferta.do?modo=inicio&id=032026007169&ret=B
032026006951,,electricista de taller de vehículos,1 puesto de electricista de taller de vehículos (ref: 6951),Gijón,Asturias,28/09/2026,2026-09-28,AU,Automoción,https://www.sistemanacionalempleo.es/OfertaDifusionWEB/detalleOferta.do?modo=inicio&id=032026006951&ret=B
032026006927,,monitor/a de actividades dirigidas,1 puesto de monitor/a de actividades dirigidas (ref: 6927),Gijón,Asturias,28/09/2026,2026-09-28,SP,Servicios a la comunidad y personales,https://www.sistemanacionalempleo.es/OfertaDifusionWEB/detalleOferta.do?modo=inicio&id=032026006927&ret=B
032026007277,,monitor/a de natación y socorrista,2 puestos de monitor/a de natación y socorrista (ref: 7277),Gijón,Asturias,09/10/2026,2026-10-09,SP,Servicios a la comunidad y personales,https://www.sistemanacionalempleo.es/OfertaDifusionWEB/detalleOferta.do?modo=inicio&id=032026007277&ret=B
032026006228,,nueva difusiónconductor/a camión c+e,nueva difusiónconductor/a camión c+e (ref.: 6228),Gijón,Asturias,15/09/2026,2026-09-15,TC,Transportes y comunicaciones,https://www.sistemanacionalempleo.es/OfertaDifusionWEB/detalleOferta.do?modo=inicio&id=032026006228&ret=B
032026006605,,operario/a fabricación cierres metálicos nueva difusión,3 puestos de operario/a fabricación cierres metálicos (ref:6605) nueva difusión,Gijón,Asturias,05/10/2026,2026-10-05,IP,Industria pesada y construcciones metálicas,https://www.sistemanacionalempleo.es/OfertaDifusionWEB/detalleOferta.do?modo=inicio&id=032026006605&ret=B
032026006817,,técnico/a comercial - sector construcción,1 puesto de técnico/a comercial - sector construcción (ref: 6817),Gijón,Asturias,22/09/2026,2026-09-22,CC,Comercio,https://www.sistemanacionalempleo.es/OfertaDifusionWEB/detalleOferta.do?modo=inicio&id=032026006817&ret=B
032026007193,Администратор отеля,Recepcionista de hotel,Recepcionista de hotel (ref.: 7193),Gijón,Asturias,07/10/2026,2026-10-07,TH,Turismo y hostelería,https://www.sistemanacionalempleo.es/OfertaDifusionWEB/detalleOferta.do?modo=inicio&id=032026007193&ret=B
032026007041,Грузчик-комплектовщик склада,Mozo/a de almacén,Mozo/a de almacén (ref.: 7041),Gijón,Asturias,01/10/2026,2026-10-01,CC,Comercio,https://www.sistemanacionalempleo.es/OfertaDifusionWEB/detalleOferta.do?modo=inicio&id=032026007041&ret=B
032026006644,Инструктор по фигурному катанию,monitor/a de patinaje,1 puesto de monitor/a de patinaje (ref: 6644),Gijón,Asturias,14/09/2026,2026-09-14,SP,Servicios a la comunidad y personales,https://www.sistemanacionalempleo.es/OfertaDifusionWEB/detalleOferta.do?modo=inicio&id=032026006644&ret=B
032026007010,"Каменщик, специалист 1-го разряда",Albañil oficial de 1ª,Albañil oficial de 1ª (ref.: 7010),Gijón,Asturias,30/09/2026,2026-09-30,EO,Edificación y obras públicas,https://www.sistemanacionalempleo.es/OfertaDifusionWEB/detalleOferta.do?modo=inicio&id=032026007010&ret=B
032026005267,Координатор growth-маркетинга и CRM,Coordinador/a de growth marqueting y crm,Coordinador/a de growth marqueting y crm,Gijón,Asturias,05/10/2026,2026-10-05,EM,Servicios a las empresas,https://www.sistemanacionalempleo.es/OfertaDifusionWEB/detalleOferta.do?modo=inicio&id=032026005267&ret=B
032026006751,Крупье в казино,croupier para casino,2 puestos de croupier para casino (ref.: 6751),Gijón,Asturias,18/09/2026,2026-09-18,TH,Turismo y hostelería,https://www.sistemanacionalempleo.es/OfertaDifusionWEB/detalleOferta.do?modo=inicio&id=032026006751&ret=B
032026006965,Курьер на мотоцикле,Repartidor/a moto,Repartidor/a moto (ref.: 6965),Gijón,Asturias,28/09/2026,2026-09-28,TC,Transportes y comunicaciones,https://www.sistemanacionalempleo.es/OfertaDifusionWEB/detalleOferta.do?modo=inicio&id=032026006965&ret=B
032026004248,Медсестра / медбрат,Enfermero/a,Enfermero/a (ref.: 4248),Gijón,Asturias,29/09/2026,2026-09-29,SA,Sanidad,https://www.sistemanacionalempleo.es/OfertaDifusionWEB/detalleOferta.do?modo=inicio&id=032026004248&ret=B
032026005638,Медсестра / медбрат,Enfermero/a,Enfermero/a (ref.: 5638),Gijón,Asturias,25/09/2026,2026-09-25,SA,Sanidad,https://www.sistemanacionalempleo.es/OfertaDifusionWEB/detalleOferta.do?modo=inicio&id=032026005638&ret=B
032026006409,Медсестра / медбрат,Enfermero/a,Enfermero/a (ref. 6409),Gijón,Asturias,28/09/2026,2026-09-28,SA,Sanidad,https://www.sistemanacionalempleo.es/OfertaDifusionWEB/detalleOferta.do?modo=inicio&id=032026006409&ret=B
032026007240,Медсестра / медбрат,Enfermero/a,Enfermero/a (ref.: 7240),Gijón,Asturias,08/10/2026,2026-10-08,SA,Sanidad,https://www.sistemanacionalempleo.es/OfertaDifusionWEB/detalleOferta.do?modo=inicio&id=032026007240&ret=B
032026007245,Менеджер по работе,Encargado/a de obra,Encargado/a de obra (ref.: 7245),Gijón,Asturias,08/10/2026,2026-10-08,EO,Edificación y obras públicas,https://www.sistemanacionalempleo.es/OfertaDifusionWEB/detalleOferta.do?modo=inicio&id=032026007245&ret=B
032026007176,Младшая медсестра (санитар),auxiliar de enfermería,2 puestos de auxiliar de enfermería (ref.7176),Gijón,Asturias,07/10/2026,2026-10-07,SA,Sanidad,https://www.sistemanacionalempleo.es/OfertaDifusionWEB/detalleOferta.do?modo=inicio&id=032026007176&ret=B
032026007184,Монитор досуга и свободного времени,monitor/a de ocio y tiempo libre,3 puestos de monitor/a de ocio y tiempo libre (ref. 7184),Gijón,Asturias,07/10/2026,2026-10-07,SP,Servicios a la comunidad y personales,https://www.sistemanacionalempleo.es/OfertaDifusionWEB/detalleOferta.do?modo=inicio&id=032026007184&ret=B
032026004170,Обслуживание клиентов в залах спортивных ставок,Atención al cliente en salones de apuestas deportivas,Atención al cliente en salones de apuestas deportivas (ref.: 4170),Gijón,Asturias,25/09/2026,2026-09-25,CC,Comercio,https://www.sistemanacionalempleo.es/OfertaDifusionWEB/detalleOferta.do?modo=inicio&id=032026004170&ret=B
032026005878,Первые официальные должности каменщика,puestos albañil oficial 1ª,2 puestos albañil oficial 1ª (ref.: 5878),Gijón,Asturias,29/09/2026,2026-09-29,EO,Edificación y obras públicas,https://www.sistemanacionalempleo.es/OfertaDifusionWEB/detalleOferta.do?modo=inicio&id=032026005878&ret=B
032026007199,Повар,Cocinero/a,Cocinero/a (ref: 7199),Gijón,Asturias,07/10/2026,2026-10-07,TH,Turismo y hostelería,https://www.sistemanacionalempleo.es/OfertaDifusionWEB/detalleOferta.do?modo=inicio&id=032026007199&ret=B
032026007161,Помощник администратора,Auxiliar administrativo/a,Auxiliar administrativo/a (ref.: 7161),Gijón,Asturias,06/10/2026,2026-10-06,AO,Administración y oficinas,https://www.sistemanacionalempleo.es/OfertaDifusionWEB/detalleOferta.do?modo=inicio&id=032026007161&ret=B
032026007140,Помощник по уборке,Auxiliar de limpieza,Auxiliar de limpieza (ref.: 7140),Gijón,Asturias,06/10/2026,2026-10-06,SP,Servicios a la comunidad y personales,https://www.sistemanacionalempleo.es/OfertaDifusionWEB/detalleOferta.do?modo=inicio&id=032026007140&ret=B
032026003054,Помощник по уходу на дому,auxiliar de ayuda a domicilio,7 puestos de auxiliar de ayuda a domicilio (ref.: 3054),Gijón,Asturias,09/10/2026,2026-10-09,SP,Servicios a la comunidad y personales,https://www.sistemanacionalempleo.es/OfertaDifusionWEB/detalleOferta.do?modo=inicio&id=032026003054&ret=B
032026006712,Помощник повара,ayudante de cocina,5 puestos de ayudante de cocina (ref.:6712),Gijón,Asturias,08/10/2026,2026-10-08,TH,Turismo y hostelería,https://www.sistemanacionalempleo.es/OfertaDifusionWEB/detalleOferta.do?modo=inicio&id=032026006712&ret=B
032026006825,Помощник повара,Ayudante de cocina,Ayudante de cocina (ref.: 6825),Gijón,Asturias,22/09/2026,2026-09-22,TH,Turismo y hostelería,https://www.sistemanacionalempleo.es/OfertaDifusionWEB/detalleOferta.do?modo=inicio&id=032026006825&ret=B
032026007258,Помощник повара,Ayudante de cocina,Ayudante de cocina (ref.: 7258),Gijón,Asturias,09/10/2026,2026-10-09,TH,Turismo y hostelería,https://www.sistemanacionalempleo.es/OfertaDifusionWEB/detalleOferta.do?modo=inicio&id=032026007258&ret=B
032026003049,Помощник службы помощи на дому (4 места),4o puestos auxiliar servicio ayuda a domicilio,4o puestos auxiliar servicio ayuda a domicilio (ref.:3049),Gijón,Asturias,09/10/2026,2026-10-09,SP,Servicios a la comunidad y personales,https://www.sistemanacionalempleo.es/OfertaDifusionWEB/detalleOferta.do?modo=inicio&id=032026003049&ret=B
032026006854,Промышленный электрик,Electricista industrial,Electricista industrial (ref.: 6854),Gijón,Asturias,23/09/2026,2026-09-23,MO,Montaje e instalación,https://www.sistemanacionalempleo.es/OfertaDifusionWEB/detalleOferta.do?modo=inicio&id=032026006854&ret=B
032026007278,Психолог,Psicólogo/a,Psicólogo/a (ref.: 7278),Gijón,Asturias,09/10/2026,2026-10-09,SP,Servicios a la comunidad y personales,https://www.sistemanacionalempleo.es/OfertaDifusionWEB/detalleOferta.do?modo=inicio&id=032026007278&ret=B
032026007054,Рабочий мастерской,Operario/a de taller,Operario/a de taller (ref. 7054),Gijón,Asturias,01/10/2026,2026-10-01,MT,Industrias manufactureras diversas,https://www.sistemanacionalempleo.es/OfertaDifusionWEB/detalleOferta.do?modo=inicio&id=032026007054&ret=B
032026006266,Сварщик,Soldador/a,Soldador/a (ref.: 6266),Gijón,Asturias,08/10/2026,2026-10-08,IP,Industria pesada y construcciones metálicas,https://www.sistemanacionalempleo.es/OfertaDifusionWEB/detalleOferta.do?modo=inicio&id=032026006266&ret=B
032026006313,Сиделка по уходу за пожилыми (герокультор),Gerocultor/a,Gerocultor/a (ref.: 6313),Gijón,Asturias,22/09/2026,2026-09-22,SA,Sanidad,https://www.sistemanacionalempleo.es/OfertaDifusionWEB/detalleOferta.do?modo=inicio&id=032026006313&ret=B
032026006708,Сиделка по уходу за пожилыми (герокультор),gerocultor/a,1 puesto de gerocultor/a (ref: 6708),Gijón,Asturias,17/09/2026,2026-09-17,SA,Sanidad,https://www.sistemanacionalempleo.es/OfertaDifusionWEB/detalleOferta.do?modo=inicio&id=032026006708&ret=B
032026006842,Сиделка по уходу за пожилыми (герокультор),Gerocultor/a,Gerocultor/a (ref.: 6842),Gijón,Asturias,22/09/2026,2026-09-22,SA,Sanidad,https://www.sistemanacionalempleo.es/OfertaDifusionWEB/detalleOferta.do?modo=inicio&id=032026006842&ret=B
032026007056,Сиделка по уходу за пожилыми (герокультор),Gerocultor/a,Gerocultor/a (ref. 7056),Gijón,Asturias,01/10/2026,2026-10-01,SA,Sanidad,https://www.sistemanacionalempleo.es/OfertaDifusionWEB/detalleOferta.do?modo=inicio&id=032026007056&ret=B
032026007120,Сиделка по уходу за пожилыми (герокультор),Gerocultor/a,Gerocultor/a (ref: 7120),Gijón,Asturias,05/10/2026,2026-10-05,SA,Sanidad,https://www.sistemanacionalempleo.es/OfertaDifusionWEB/detalleOferta.do?modo=inicio&id=032026007120&ret=B
032026006758,Уборщик,Limpiador/a,Limpiador/a (ref.: 6758),Gijón,Asturias,18/09/2026,2026-09-18,SP,Servicios a la comunidad y personales,https://www.sistemanacionalempleo.es/OfertaDifusionWEB/detalleOferta.do?modo=inicio&id=032026006758&ret=B
032026006942,Уборщик,Limpiador/a,Limpiador/a (ref.: 6942),Gijón,Asturias,28/09/2026,2026-09-28,SP,Servicios a la comunidad y personales,https://www.sistemanacionalempleo.es/OfertaDifusionWEB/detalleOferta.do?modo=inicio&id=032026006942&ret=B
032026007150,Уборщик,Limpiador/a,Limpiador/a (ref.: 7150),Gijón,Asturias,06/10/2026,2026-10-06,SP,Servicios a la comunidad y personales,https://www.sistemanacionalempleo.es/OfertaDifusionWEB/detalleOferta.do?modo=inicio&id=032026007150&ret=B
032026006097,Учитель языка и литературы,Profesor/a de lengua y literatura,Profesor/a de lengua y literatura (ref.: 6097),Gijón,Asturias,29/09/2026,2026-09-29,DO,Docencia e investigación,https://www.sistemanacionalempleo.es/OfertaDifusionWEB/detalleOferta.do?modo=inicio&id=032026006097&ret=B
032026005790,Физиотерапевт,Fisioterapeuta,Fisioterapeuta (ref.:5790),Gijón,Asturias,29/09/2026,2026-09-29,SA,Sanidad,https://www.sistemanacionalempleo.es/OfertaDifusionWEB/detalleOferta.do?modo=inicio&id=032026005790&ret=B
032026006885,Физиотерапевт,Fisioterapeuta,Fisioterapeuta (ref.: 6885),Gijón,Asturias,24/09/2026,2026-09-24,SA,Sanidad,https://www.sistemanacionalempleo.es/OfertaDifusionWEB/detalleOferta.do?modo=inicio&id=032026006885&ret=B
032026006856,Холодильщик (техник по холодильному оборудованию),Frigorista,Frigorista (ref.: 6856),Gijón,Asturias,23/09/2026,2026-09-23,MO,Montaje e instalación,https://www.sistemanacionalempleo.es/OfertaDifusionWEB/detalleOferta.do?modo=inicio&id=032026006856&ret=B
032026005880,должности руководителя строительства,puestos encargado/a de obra,2 puestos encargado/a de obra (ref.: 5880),Gijón,Asturias,29/09/2026,2026-09-29,EO,Edificación y obras públicas,https://www.sistemanacionalempleo.es/OfertaDifusionWEB/detalleOferta.do?modo=inicio&id=032026005880&ret=B
032026006933,консультант по труду,Asesor/a laboral,Asesor/a laboral (ref.: 6933),Gijón,Asturias,28/09/2026,2026-09-28,EM,Servicios a las empresas,https://www.sistemanacionalempleo.es/OfertaDifusionWEB/detalleOferta.do?modo=inicio&id=032026006933&ret=B
032026006629,учитель английского языка,Profesor/a de inglés,Profesor/a de inglés (ref. 6629),Gijón,Asturias,29/09/2026,2026-09-29,DO,Docencia e investigación,https://www.sistemanacionalempleo.es/OfertaDifusionWEB/detalleOferta.do?modo=inicio&id=032026006629&ret=B
032026006892,,Personal de limpieza doméstica,Personal de limpieza doméstica (ref.: 6892),Gozon,Asturias,24/09/2026,2026-09-24,SP,Servicios a la comunidad y personales,https://www.sistemanacionalempleo.es/OfertaDifusionWEB/detalleOferta.do?modo=inicio&id=032026006892&ret=B
032026007256,,"docentes cp ""limpieza espacios abiertos e instalaciones industriales"" (seag0209) joven ocúpate gozón, langreo, smra","3 docentes cp ""limpieza espacios abiertos e instalaciones industriales"" (seag0209) joven ocúpate (ref. 7256) gozón, langreo, smra",Gozon,Asturias,09/10/2026,2026-10-09,DO,Docencia e investigación,https://www.sistemanacionalempleo.es/OfertaDifusionWEB/detalleOferta.do?modo=inicio&id=032026007256&ret=B
032026006546,Медсестра / медбрат,Enfermero/a,Enfermero/a (ref. 6546),Gozon,Asturias,09/10/2026,2026-10-09,SA,Sanidad,https://www.sistemanacionalempleo.es/OfertaDifusionWEB/detalleOferta.do?modo=inicio&id=032026006546&ret=B
032026006766,Официанты,Camareros/as,Camareros/as ( ref. 6766 ),Gozon,Asturias,18/09/2026,2026-09-18,TH,Turismo y hostelería,https://www.sistemanacionalempleo.es/OfertaDifusionWEB/detalleOferta.do?modo=inicio&id=032026006766&ret=B
032026006759,Помощник повара,Ayudante de cocina,Ayudante de cocina( ref. 6759 ),Gozon,Asturias,18/09/2026,2026-09-18,TH,Turismo y hostelería,https://www.sistemanacionalempleo.es/OfertaDifusionWEB/detalleOferta.do?modo=inicio&id=032026006759&ret=B
032026006541,Сиделка по уходу за пожилыми (герокультор),Gerocultor/a,Gerocultor/a (ref. 6541),Gozon,Asturias,09/10/2026,2026-10-09,SA,Sanidad,https://www.sistemanacionalempleo.es/OfertaDifusionWEB/detalleOferta.do?modo=inicio&id=032026006541&ret=B
032026006543,Физиотерапевт,Fisioterapeuta,Fisioterapeuta (ref. 6543),Gozon,Asturias,09/10/2026,2026-10-09,SA,Sanidad,https://www.sistemanacionalempleo.es/OfertaDifusionWEB/detalleOferta.do?modo=inicio&id=032026006543&ret=B
032026007183,,"Formador/a del c.p. ""activ. aux. en viveros, jardines y centros de jardineria"" (agao0108) - joven ocúpate -ayto. grado","Formador/a del c.p. ""activ. aux. en viveros, jardines y centros de jardineria"" (agao0108) - joven ocúpate -ayto. grado (ref: 7183)",Grado,Asturias,07/10/2026,2026-10-07,DO,Docencia e investigación,https://www.sistemanacionalempleo.es/OfertaDifusionWEB/detalleOferta.do?modo=inicio&id=032026007183&ret=B
032026006823,,Mecánico/a de reparación de maquinaria agrícola,Mecánico/a de reparación de maquinaria agrícola (ref.6823),Grado,Asturias,22/09/2026,2026-09-22,MR,Mantenimiento y reparación,https://www.sistemanacionalempleo.es/OfertaDifusionWEB/detalleOferta.do?modo=inicio&id=032026006823&ret=B
032026007197,,Mentor/a del proyecto joven ocúpate de grado 2026-2027,Mentor/a del proyecto joven ocúpate de grado 2026-2027 (ref. 7197).,Grado,Asturias,07/10/2026,2026-10-07,DO,Docencia e investigación,https://www.sistemanacionalempleo.es/OfertaDifusionWEB/detalleOferta.do?modo=inicio&id=032026007197&ret=B
032026006899,,Monitor/a de actividad física,Monitor/a de actividad física(ref.6899),Grado,Asturias,25/09/2026,2026-09-25,SP,Servicios a la comunidad y personales,https://www.sistemanacionalempleo.es/OfertaDifusionWEB/detalleOferta.do?modo=inicio&id=032026006899&ret=B
032026006903,,Oficial de 2ª albañil o peon de construccion,Oficial de 2ª albañil o peon de construccion(ref.6903),Grado,Asturias,25/09/2026,2026-09-25,EO,Edificación y obras públicas,https://www.sistemanacionalempleo.es/OfertaDifusionWEB/detalleOferta.do?modo=inicio&id=032026006903&ret=B
032026007287,,Técnico/a administrativo/a. contrato formativo para la adquisición de la práctica profesional. ayto. de grado,Técnico/a administrativo/a. contrato formativo para la adquisición de la práctica profesional. ayto. de grado (ref. 7287).,Grado,Asturias,09/10/2026,2026-10-09,AO,Administración y oficinas,https://www.sistemanacionalempleo.es/OfertaDifusionWEB/detalleOferta.do?modo=inicio&id=032026007287&ret=B
032026007282,,"Técnico/a de bibliotecas,archivos y document. contrato formativo para la adquisic. de la práct. profes. ayto. de grado","Técnico/a de bibliotecas,archivos y document. contrato formativo para la adquisic. de la práct. profes. ayto. de grado (ref.7282).",Grado,Asturias,09/10/2026,2026-10-09,AO,Administración y oficinas,https://www.sistemanacionalempleo.es/OfertaDifusionWEB/detalleOferta.do?modo=inicio&id=032026007282&ret=B
032026007189,,alumnos/as trabajadores/as del proyecto joven ocúpate de grado,12 alumnos/as trabajadores/as del proyecto joven ocúpate de grado (ref. 7189).,Grado,Asturias,07/10/2026,2026-10-07,AA,Agrario,https://www.sistemanacionalempleo.es/OfertaDifusionWEB/detalleOferta.do?modo=inicio&id=032026007189&ret=B
032026007279,,"conserjes, de 45 años ó más . plan de empleo del ayuntamiento de grado","3 conserjes, de 45 años ó más . plan de empleo del ayuntamiento de grado (ref. 7279).",Grado,Asturias,09/10/2026,2026-10-09,SP,Servicios a la comunidad y personales,https://www.sistemanacionalempleo.es/OfertaDifusionWEB/detalleOferta.do?modo=inicio&id=032026007279&ret=B
032026007276,,"operarios/as, de 45 años ó más. plan de empleo del ayuntamiento de grado","2 operarios/as, de 45 años ó más. plan de empleo del ayuntamiento de grado (ref. 7296).",Grado,Asturias,09/10/2026,2026-10-09,EO,Edificación y obras públicas,https://www.sistemanacionalempleo.es/OfertaDifusionWEB/detalleOferta.do?modo=inicio&id=032026007276&ret=B
032026007273,,"operarios/as,beneficiarios/as del salario social básico o del ingreso mínimo vital.plan de empleo del ayto de grado","3 operarios/as,beneficiarios/as del salario social básico o del ingreso mínimo vital.plan de empleo del ayto de grado (ref. 7273).",Grado,Asturias,09/10/2026,2026-10-09,EO,Edificación y obras públicas,https://www.sistemanacionalempleo.es/OfertaDifusionWEB/detalleOferta.do?modo=inicio&id=032026007273&ret=B
032026006982,Младшая медсестра (санитар),Auxiliar de enfermería,Auxiliar de enfermería (ref. 6982).,Grado,Asturias,29/09/2026,2026-09-29,SA,Sanidad,https://www.sistemanacionalempleo.es/OfertaDifusionWEB/detalleOferta.do?modo=inicio&id=032026006982&ret=B
032026006784,Официант,Camarero/a,Camarero/a(ref.6784),Grado,Asturias,21/09/2026,2026-09-21,TH,Turismo y hostelería,https://www.sistemanacionalempleo.es/OfertaDifusionWEB/detalleOferta.do?modo=inicio&id=032026006784&ret=B
032026007027,Помощник по уборке,Auxiliar de limpieza,Auxiliar de limpieza (ref. 7027).,Grado,Asturias,30/09/2026,2026-09-30,SP,Servicios a la comunidad y personales,https://www.sistemanacionalempleo.es/OfertaDifusionWEB/detalleOferta.do?modo=inicio&id=032026007027&ret=B
032026007029,Помощник повара,Ayudante de cocina,Ayudante de cocina (ref. 7029).,Grado,Asturias,30/09/2026,2026-09-30,TH,Turismo y hostelería,https://www.sistemanacionalempleo.es/OfertaDifusionWEB/detalleOferta.do?modo=inicio&id=032026007029&ret=B
032026006634,Продавец в магазине,Dependiente/a de comercio,Dependiente/a de comercio (ref.6634),Grado,Asturias,14/09/2026,2026-09-14,CC,Comercio,https://www.sistemanacionalempleo.es/OfertaDifusionWEB/detalleOferta.do?modo=inicio&id=032026006634&ret=B
032026006731,водители грузовиков,conductores/as de camión,2 conductores/as de camión (ref.6731),Grado,Asturias,17/09/2026,2026-09-17,TC,Transportes y comunicaciones,https://www.sistemanacionalempleo.es/OfertaDifusionWEB/detalleOferta.do?modo=inicio&id=032026006731&ret=B
032026006971,,Adjunto/a secretaría-intervención,Adjunto/a secretaría-intervención (ref.: 6971),Grandas de salime,Asturias,29/09/2026,2026-09-29,AO,Administración y oficinas,https://www.sistemanacionalempleo.es/OfertaDifusionWEB/detalleOferta.do?modo=inicio&id=032026006971&ret=B
032026007058,,empleados/as de hogar interno/a,1 empleados/as de hogar interno/a (ref.7058),Ibias,Asturias,01/10/2026,2026-10-01,SP,Servicios a la comunidad y personales,https://www.sistemanacionalempleo.es/OfertaDifusionWEB/detalleOferta.do?modo=inicio&id=032026007058&ret=B
032026007233,,Técnico/a en gestión de desarrollo local -ayuntamientos de illano y pesoz,Técnico/a en gestión de desarrollo local -ayuntamientos de illano y pesoz (ref.:7233),Illano,Asturias,08/10/2026,2026-10-08,SP,Servicios a la comunidad y personales,https://www.sistemanacionalempleo.es/OfertaDifusionWEB/detalleOferta.do?modo=inicio&id=032026007233&ret=B
032026007231,,Técnico/a de educación infantil - contrato en prácticas 2026/2027 ayuntamiento de illas,Técnico/a de educación infantil - contrato en prácticas 2026/2027 ayuntamiento de illas(ref.: 7231),Illas,Asturias,08/10/2026,2026-10-08,DO,Docencia e investigación,https://www.sistemanacionalempleo.es/OfertaDifusionWEB/detalleOferta.do?modo=inicio&id=032026007231&ret=B
032026007236,,Técnico/a de educación infantil- plan de empleo 2026/2027- ayuntamiento de illas,Técnico/a de educación infantil- plan de empleo 2026/2027- ayuntamiento de illas ( ref. 7236 ),Illas,Asturias,08/10/2026,2026-10-08,DO,Docencia e investigación,https://www.sistemanacionalempleo.es/OfertaDifusionWEB/detalleOferta.do?modo=inicio&id=032026007236&ret=B
032026007232,,peones/as - plan de empleo 2026/2027 del ayuntamiento de illas,2 puestos de peones/as - plan de empleo 2026/2027 del ayuntamiento de illas (ref. 7232).,Illas,Asturias,08/10/2026,2026-10-08,EO,Edificación y obras públicas,https://www.sistemanacionalempleo.es/OfertaDifusionWEB/detalleOferta.do?modo=inicio&id=032026007232&ret=B
032026007174,,Comercial de automoviles (la felguera),Comercial de automoviles (la felguera) - ref. 7174,Langreo,Asturias,06/10/2026,2026-10-06,CC,Comercio,https://www.sistemanacionalempleo.es/OfertaDifusionWEB/detalleOferta.do?modo=inicio&id=032026007174&ret=B
032026007225,,Cuidador/a en domicilio,Cuidador/a en domicilio (ref.:7225),Langreo,Asturias,08/10/2026,2026-10-08,SP,Servicios a la comunidad y personales,https://www.sistemanacionalempleo.es/OfertaDifusionWEB/detalleOferta.do?modo=inicio&id=032026007225&ret=B
032026007025,,Operario/a de vulcanizado,Operario/a de vulcanizado (ref.7025),Langreo,Asturias,30/09/2026,2026-09-30,IQ,Industrias químicas,https://www.sistemanacionalempleo.es/OfertaDifusionWEB/detalleOferta.do?modo=inicio&id=032026007025&ret=B
032026007253,,Peón de la construcción,Peón de la construcción (ref.: 7253),Langreo,Asturias,09/10/2026,2026-10-09,EO,Edificación y obras públicas,https://www.sistemanacionalempleo.es/OfertaDifusionWEB/detalleOferta.do?modo=inicio&id=032026007253&ret=B
032026007208,,alumnos/as trabajadores/as joven ocúpate ayto langreo - limpieza espacios abiertos e instalaciones,12 alumnos/as trabajadores/as joven ocúpate ayto langreo - limpieza espacios abiertos e instalaciones (ref.: 7208),Langreo,Asturias,08/10/2026,2026-10-08,SP,Servicios a la comunidad y personales,https://www.sistemanacionalempleo.es/OfertaDifusionWEB/detalleOferta.do?modo=inicio&id=032026007208&ret=B
032026007209,,modificado plazo presentación mentor/a del programa jóven-ocúpate en el ayuntamiento de langreo,modificado plazo presentación mentor/a del programa jóven-ocúpate en el ayuntamiento de langreo (ref.:7209),Langreo,Asturias,08/10/2026,2026-10-08,DO,Docencia e investigación,https://www.sistemanacionalempleo.es/OfertaDifusionWEB/detalleOferta.do?modo=inicio&id=032026007209&ret=B
032026007135,Агент по недвижимости,Agente inmobiliario/a,Agente inmobiliario/a (ref.: 7135),Langreo,Asturias,06/10/2026,2026-10-06,CC,Comercio,https://www.sistemanacionalempleo.es/OfertaDifusionWEB/detalleOferta.do?modo=inicio&id=032026007135&ret=B
032026006836,Административный работник,Administrativo/a,Administrativo/a (ref.: 6836),Langreo,Asturias,22/09/2026,2026-09-22,AO,Administración y oficinas,https://www.sistemanacionalempleo.es/OfertaDifusionWEB/detalleOferta.do?modo=inicio&id=032026006836&ret=B
032026007158,Медсестра / медбрат,Enfermero/a,Enfermero/a (ref.: 7158),Langreo,Asturias,06/10/2026,2026-10-06,SA,Sanidad,https://www.sistemanacionalempleo.es/OfertaDifusionWEB/detalleOferta.do?modo=inicio&id=032026007158&ret=B
032026007249,Ответственный за обслуживание станции сточных вод,Encargado/a mantenimiento estación de aguas residuales,Encargado/a mantenimiento estación de aguas residuales (ref.:7249),Langreo,Asturias,09/10/2026,2026-10-09,PT,"Producción, transformación y distribución de energía y agua",https://www.sistemanacionalempleo.es/OfertaDifusionWEB/detalleOferta.do?modo=inicio&id=032026007249&ret=B
032026006393,Рабочая/социальная координация,Trabajador/social - coordinación,Trabajador/social - coordinación (ref.:6393),Langreo,Asturias,29/09/2026,2026-09-29,SP,Servicios a la comunidad y personales,https://www.sistemanacionalempleo.es/OfertaDifusionWEB/detalleOferta.do?modo=inicio&id=032026006393&ret=B
032026007159,Физиотерапевт,Fisioterapeuta,Fisioterapeuta (ref.:7159),Langreo,Asturias,06/10/2026,2026-10-06,SA,Sanidad,https://www.sistemanacionalempleo.es/OfertaDifusionWEB/detalleOferta.do?modo=inicio&id=032026007159&ret=B
032026007137,Помощник администратора,Auxiliar administrativo/a,Auxiliar administrativo/a (ref.7137),Lena,Asturias,06/10/2026,2026-10-06,EM,Servicios a las empresas,https://www.sistemanacionalempleo.es/OfertaDifusionWEB/detalleOferta.do?modo=inicio&id=032026007137&ret=B
032026007192,,Calderero/a oficial de 1ª,Calderero/a oficial de 1ª (ref.: 7192),Llanera,Asturias,07/10/2026,2026-10-07,IP,Industria pesada y construcciones metálicas,https://www.sistemanacionalempleo.es/OfertaDifusionWEB/detalleOferta.do?modo=inicio&id=032026007192&ret=B
032026007212,,Conductor/a camion grua/vehiculo tipo uro con grua oficial,Conductor/a camion grua/vehiculo tipo uro con grua oficial (ref.: 7212),Llanera,Asturias,07/10/2026,2026-10-07,TC,Transportes y comunicaciones,https://www.sistemanacionalempleo.es/OfertaDifusionWEB/detalleOferta.do?modo=inicio&id=032026007212&ret=B
032026006624,,Conductor/a con carnet c y cap,Conductor/a con carnet c y cap (ref.: 6624),Llanera,Asturias,14/09/2026,2026-09-14,TC,Transportes y comunicaciones,https://www.sistemanacionalempleo.es/OfertaDifusionWEB/detalleOferta.do?modo=inicio&id=032026006624&ret=B
032026006046,,Fresador/a oficial de primera ó segunda,Fresador/a oficial de primera ó segunda (ref.: 6046),Llanera,Asturias,07/10/2026,2026-10-07,IP,Industria pesada y construcciones metálicas,https://www.sistemanacionalempleo.es/OfertaDifusionWEB/detalleOferta.do?modo=inicio&id=032026006046&ret=B
032026006590,,Ingeniero/a de seguridad,Ingeniero/a de seguridad (ref. 6590),Llanera,Asturias,10/09/2026,2026-09-10,EM,Servicios a las empresas,https://www.sistemanacionalempleo.es/OfertaDifusionWEB/detalleOferta.do?modo=inicio&id=032026006590&ret=B
032026006915,,Mecanico/a de vehiculos pesados -oficial 1ª,Mecanico/a de vehiculos pesados -oficial 1ª- (ref.: 6915),Llanera,Asturias,25/09/2026,2026-09-25,AU,Automoción,https://www.sistemanacionalempleo.es/OfertaDifusionWEB/detalleOferta.do?modo=inicio&id=032026006915&ret=B
032026007122,,Mozo/a de almacén de ferretería,Mozo/a de almacén de ferretería (ref. 7122),Llanera,Asturias,05/10/2026,2026-10-05,CC,Comercio,https://www.sistemanacionalempleo.es/OfertaDifusionWEB/detalleOferta.do?modo=inicio&id=032026007122&ret=B
032026006584,,Nueva difusión - 2 puestos de gerocultor/a,Nueva difusión - 2 puestos de gerocultor/a (ref.6584),Llanera,Asturias,09/10/2026,2026-10-09,SA,Sanidad,https://www.sistemanacionalempleo.es/OfertaDifusionWEB/detalleOferta.do?modo=inicio&id=032026006584&ret=B
032026004951,,Nueva difusión: electricista oficial,Nueva difusión: electricista oficial (ref. 4951),Llanera,Asturias,07/10/2026,2026-10-07,MR,Mantenimiento y reparación,https://www.sistemanacionalempleo.es/OfertaDifusionWEB/detalleOferta.do?modo=inicio&id=032026004951&ret=B
032026007211,,Oficial liniero lneas aereas alta tension,Oficial liniero lneas aereas alta tension (ref.: 7211),Llanera,Asturias,07/10/2026,2026-10-07,MO,Montaje e instalación,https://www.sistemanacionalempleo.es/OfertaDifusionWEB/detalleOferta.do?modo=inicio&id=032026007211&ret=B
032026007210,,Oficial redes subtterraneas de distribucion y centros de transformacion,Oficial redes subtterraneas de distribucion y centros de transformacion (ref.: 7210),Llanera,Asturias,07/10/2026,2026-10-07,MO,Montaje e instalación,https://www.sistemanacionalempleo.es/OfertaDifusionWEB/detalleOferta.do?modo=inicio&id=032026007210&ret=B
032026007213,,Operador/a de maquinaria movimiento de tierras,Operador/a de maquinaria movimiento de tierras (ref.: 7213),Llanera,Asturias,07/10/2026,2026-10-07,EO,Edificación y obras públicas,https://www.sistemanacionalempleo.es/OfertaDifusionWEB/detalleOferta.do?modo=inicio&id=032026007213&ret=B
032026006839,,conductores/as de cuba,2 conductores/as de cuba (ref. 6839 ),Llanera,Asturias,22/09/2026,2026-09-22,TC,Transportes y comunicaciones,https://www.sistemanacionalempleo.es/OfertaDifusionWEB/detalleOferta.do?modo=inicio&id=032026006839&ret=B
032026006213,Водитель грузовика,conductor/a de camión,20 puestos de conductor/a de camión (ref.: 6213),Llanera,Asturias,21/08/2026,2026-08-21,TC,Transportes y comunicaciones,https://www.sistemanacionalempleo.es/OfertaDifusionWEB/detalleOferta.do?modo=inicio&id=032026006213&ret=B
032026006504,Водитель фуры (трейлера),Conductor/a de trailer,Conductor/a de trailer (ref.: 6504),Llanera,Asturias,04/09/2026,2026-09-04,TC,Transportes y comunicaciones,https://www.sistemanacionalempleo.es/OfertaDifusionWEB/detalleOferta.do?modo=inicio&id=032026006504&ret=B
032026006932,Водитель-доставщик,Conductor/a - repartidor/a,Conductor/a - repartidor/a (ref. 6932),Llanera,Asturias,28/09/2026,2026-09-28,TC,Transportes y comunicaciones,https://www.sistemanacionalempleo.es/OfertaDifusionWEB/detalleOferta.do?modo=inicio&id=032026006932&ret=B
032026005252,Котельщик (изготовитель металлоконструкций),Calderero/a,Calderero/a (ref. 5252),Llanera,Asturias,02/10/2026,2026-10-02,IP,Industria pesada y construcciones metálicas,https://www.sistemanacionalempleo.es/OfertaDifusionWEB/detalleOferta.do?modo=inicio&id=032026005252&ret=B
032026006663,Курьер (развозчик),Repartidor/a,Repartidor/a (ref.: 6663),Llanera,Asturias,15/09/2026,2026-09-15,TC,Transportes y comunicaciones,https://www.sistemanacionalempleo.es/OfertaDifusionWEB/detalleOferta.do?modo=inicio&id=032026006663&ret=B
032026006508,Механик - старший помощник сварщик,Mecanico/a - soldador/a oficial de primera,Mecanico/a - soldador/a oficial de primera (ref.: 6508),Llanera,Asturias,04/09/2026,2026-09-04,AU,Automoción,https://www.sistemanacionalempleo.es/OfertaDifusionWEB/detalleOferta.do?modo=inicio&id=032026006508&ret=B
032026004617,Монтажник алюминиевых и ПВХ конструкций,Carpintero/montador de carpintería metálica de aluminio y pvc,Carpintero/montador de carpintería metálica de aluminio y pvc (ref. 4617),Llanera,Asturias,24/09/2026,2026-09-24,IP,Industria pesada y construcciones metálicas,https://www.sistemanacionalempleo.es/OfertaDifusionWEB/detalleOferta.do?modo=inicio&id=032026004617&ret=B
032026005084,Новое распространение: помощник по дому,Nueva difusión: auxiliar de ayuda a domicilio,Nueva difusión: auxiliar de ayuda a domicilio (ref. 5084),Llanera,Asturias,14/09/2026,2026-09-14,SA,Sanidad,https://www.sistemanacionalempleo.es/OfertaDifusionWEB/detalleOferta.do?modo=inicio&id=032026005084&ret=B
032026005831,Новое распространение: установщик сигнализации,Nueva difusión: instalador/a de alarmas,Nueva difusión: instalador/a de alarmas (ref. 5831),Llanera,Asturias,02/10/2026,2026-10-02,MO,Montaje e instalación,https://www.sistemanacionalempleo.es/OfertaDifusionWEB/detalleOferta.do?modo=inicio&id=032026005831&ret=B
032026005779,Организаторы мероприятий,Montadores/as de eventos,Montadores/as de eventos (ref: 5779 ),Llanera,Asturias,28/09/2026,2026-09-28,EO,Edificación y obras públicas,https://www.sistemanacionalempleo.es/OfertaDifusionWEB/detalleOferta.do?modo=inicio&id=032026005779&ret=B
032026006837,Сантехник,Fontanero/a,Fontanero/a (ref. 6837),Llanera,Asturias,22/09/2026,2026-09-22,EO,Edificación y obras públicas,https://www.sistemanacionalempleo.es/OfertaDifusionWEB/detalleOferta.do?modo=inicio&id=032026006837&ret=B
032026006843,Сиделка по уходу за пожилыми (герокультор),Gerocultor/a,Gerocultor/a (ref.: 6843),Llanera,Asturias,22/09/2026,2026-09-22,SA,Sanidad,https://www.sistemanacionalempleo.es/OfertaDifusionWEB/detalleOferta.do?modo=inicio&id=032026006843&ret=B
032026007202,Специалист по воздушным электросетям,Oficial redes aereas distribucion electrica,Oficial redes aereas distribucion electrica (ref.: 7202),Llanera,Asturias,07/10/2026,2026-10-07,MO,Montaje e instalación,https://www.sistemanacionalempleo.es/OfertaDifusionWEB/detalleOferta.do?modo=inicio&id=032026007202&ret=B
032026006925,,Cocinero/a especialista en comida tradicional dominicana,Cocinero/a especialista en comida tradicional dominicana (ref.6925),Llanes,Asturias,09/10/2026,2026-10-09,TH,Turismo y hostelería,https://www.sistemanacionalempleo.es/OfertaDifusionWEB/detalleOferta.do?modo=inicio&id=032026006925&ret=B
032026007102,,Cocinero/a hotel rural,Cocinero/a hotel rural (ref.7102),Llanes,Asturias,05/10/2026,2026-10-05,TH,Turismo y hostelería,https://www.sistemanacionalempleo.es/OfertaDifusionWEB/detalleOferta.do?modo=inicio&id=032026007102&ret=B
032026006730,,administrativo/a para rales,2 puestos de administrativo/a para rales (ref. 6730),Llanes,Asturias,17/09/2026,2026-09-17,AO,Administración y oficinas,https://www.sistemanacionalempleo.es/OfertaDifusionWEB/detalleOferta.do?modo=inicio&id=032026006730&ret=B
032026006770,,educadores/as sociales,2 educadores/as sociales (ref.6770),Llanes,Asturias,18/09/2026,2026-09-18,SP,Servicios a la comunidad y personales,https://www.sistemanacionalempleo.es/OfertaDifusionWEB/detalleOferta.do?modo=inicio&id=032026006770&ret=B
032026007166,Грузчик-комплектовщик склада,Mozo/a de almacén,Mozo/a de almacén (ref.7166),Llanes,Asturias,06/10/2026,2026-10-06,CC,Comercio,https://www.sistemanacionalempleo.es/OfertaDifusionWEB/detalleOferta.do?modo=inicio&id=032026007166&ret=B
032026006372,Медсестра / медбрат,Enfermero/a,Enfermero/a (ref.6372),Llanes,Asturias,06/10/2026,2026-10-06,SA,Sanidad,https://www.sistemanacionalempleo.es/OfertaDifusionWEB/detalleOferta.do?modo=inicio&id=032026006372&ret=B
032026007030,Официант,Camarero/a,Camarero/a (ref.7030),Llanes,Asturias,01/10/2026,2026-10-01,TH,Turismo y hostelería,https://www.sistemanacionalempleo.es/OfertaDifusionWEB/detalleOferta.do?modo=inicio&id=032026007030&ret=B
032026006834,Персонал по уборке,Personal de limpieza,Personal de limpieza (ref.6834),Llanes,Asturias,22/09/2026,2026-09-22,SP,Servicios a la comunidad y personales,https://www.sistemanacionalempleo.es/OfertaDifusionWEB/detalleOferta.do?modo=inicio&id=032026006834&ret=B
032026007031,Повар,Cocinero/a,Cocinero/a (ref.7031),Llanes,Asturias,01/10/2026,2026-10-01,TH,Turismo y hostelería,https://www.sistemanacionalempleo.es/OfertaDifusionWEB/detalleOferta.do?modo=inicio&id=032026007031&ret=B
032026007032,Помощник повара,Ayudante de cocina,Ayudante de cocina (ref.7032),Llanes,Asturias,01/10/2026,2026-10-01,TH,Turismo y hostelería,https://www.sistemanacionalempleo.es/OfertaDifusionWEB/detalleOferta.do?modo=inicio&id=032026007032&ret=B
032026006475,Продавец в мебельном магазине,Dependiente/a de tienda de muebles,Dependiente/a de tienda de muebles (ref.6475),Llanes,Asturias,03/09/2026,2026-09-03,CC,Comercio,https://www.sistemanacionalempleo.es/OfertaDifusionWEB/detalleOferta.do?modo=inicio&id=032026006475&ret=B
032026006538,Садовник,Jardinero/a,Jardinero/a (ref.6538),Llanes,Asturias,07/09/2026,2026-09-07,AA,Agrario,https://www.sistemanacionalempleo.es/OfertaDifusionWEB/detalleOferta.do?modo=inicio&id=032026006538&ret=B
032026007248,Уборщик,Limpiador/a,Limpiador/a (ref.:7248),Llanes,Asturias,09/10/2026,2026-10-09,SP,Servicios a la comunidad y personales,https://www.sistemanacionalempleo.es/OfertaDifusionWEB/detalleOferta.do?modo=inicio&id=032026007248&ret=B
032026006792,,Empleado de atención al cliente presencial y desarrollo,Empleado de atención al cliente presencial y desarrollo (ref.6792),Mieres,Asturias,21/09/2026,2026-09-21,CC,Comercio,https://www.sistemanacionalempleo.es/OfertaDifusionWEB/detalleOferta.do?modo=inicio&id=032026006792&ret=B
032026003802,,Limpiador/a con discapacidad. nueva difusión,Limpiador/a con discapacidad. nueva difusión (ref.3802).,Mieres,Asturias,16/09/2026,2026-09-16,SP,Servicios a la comunidad y personales,https://www.sistemanacionalempleo.es/OfertaDifusionWEB/detalleOferta.do?modo=inicio&id=032026003802&ret=B
032026007194,,Operario/a de puente grúa,Operario/a de puente grúa (ref. 7194),Mieres,Asturias,07/10/2026,2026-10-07,IP,Industria pesada y construcciones metálicas,https://www.sistemanacionalempleo.es/OfertaDifusionWEB/detalleOferta.do?modo=inicio&id=032026007194&ret=B
032026006754,,Operario/a pintor metal,Operario/a pintor metal (ref. 6754),Mieres,Asturias,18/09/2026,2026-09-18,IP,Industria pesada y construcciones metálicas,https://www.sistemanacionalempleo.es/OfertaDifusionWEB/detalleOferta.do?modo=inicio&id=032026006754&ret=B
032026007146,,"alumnos/as trabajadores/as operaciones auxiliares de servicios administrativos y generales, programa joven ocúpate","8 alumnos/as trabajadores/as operaciones auxiliares de servicios administrativos y generales, programa joven ocúpate (ref.: 7146)",Mieres,Asturias,07/10/2026,2026-10-07,AO,Administración y oficinas,https://www.sistemanacionalempleo.es/OfertaDifusionWEB/detalleOferta.do?modo=inicio&id=032026007146&ret=B
032026007147,,"alumnos/as trabajadores/as trabajos de carpintería y mueble, programa joven ocúpate","8 alumnos/as trabajadores/as trabajos de carpintería y mueble, programa joven ocúpate (ref.: 7147)",Mieres,Asturias,07/10/2026,2026-10-07,MD,Industrias de la madera y corcho,https://www.sistemanacionalempleo.es/OfertaDifusionWEB/detalleOferta.do?modo=inicio&id=032026007147&ret=B
032026006771,,jefes/as de equipo comercial para varias localidades,2 jefes/as de equipo comercial para varias localidades (ref. 6771),Mieres,Asturias,21/09/2026,2026-09-21,CC,Comercio,https://www.sistemanacionalempleo.es/OfertaDifusionWEB/detalleOferta.do?modo=inicio&id=032026006771&ret=B
032026006691,,panadero/a y 1 operario/a con discapacidad,1 panadero/a y 1 operario/a con discapacidad(ref.6691).,Mieres,Asturias,16/09/2026,2026-09-16,IA,Industrias alimentarias,https://www.sistemanacionalempleo.es/OfertaDifusionWEB/detalleOferta.do?modo=inicio&id=032026006691&ret=B
032026007244,Грузчик-комплектовщик склада,Mozo/a de almacén,Mozo/a de almacén (ref. 7244),Mieres,Asturias,08/10/2026,2026-10-08,CC,Comercio,https://www.sistemanacionalempleo.es/OfertaDifusionWEB/detalleOferta.do?modo=inicio&id=032026007244&ret=B
032026006799,Котельщик (изготовитель металлоконструкций),Calderero/a,Calderero/a (ref. 6799),Mieres,Asturias,21/09/2026,2026-09-21,IP,Industria pesada y construcciones metálicas,https://www.sistemanacionalempleo.es/OfertaDifusionWEB/detalleOferta.do?modo=inicio&id=032026006799&ret=B
032026007131,Котельщик (изготовитель металлоконструкций),Calderero/a,Calderero/a (ref. 7131),Mieres,Asturias,05/10/2026,2026-10-05,IP,Industria pesada y construcciones metálicas,https://www.sistemanacionalempleo.es/OfertaDifusionWEB/detalleOferta.do?modo=inicio&id=032026007131&ret=B
032026003533,Новое распространение: физиотерапевт,Nueva difusión: fisioterapueta,Nueva difusión: fisioterapueta (ref. 3533),Mieres,Asturias,31/07/2026,2026-07-31,SA,Sanidad,https://www.sistemanacionalempleo.es/OfertaDifusionWEB/detalleOferta.do?modo=inicio&id=032026003533&ret=B
032026002511,Официант,Camarero/a,Camarero/a(ref.2511).,Mieres,Asturias,30/09/2026,2026-09-30,TH,Turismo y hostelería,https://www.sistemanacionalempleo.es/OfertaDifusionWEB/detalleOferta.do?modo=inicio&id=032026002511&ret=B
032026006902,Помощник администратора,Auxiliar administrativo/a,Auxiliar administrativo/a (ref. 6902),Mieres,Asturias,25/09/2026,2026-09-25,AO,Administración y oficinas,https://www.sistemanacionalempleo.es/OfertaDifusionWEB/detalleOferta.do?modo=inicio&id=032026006902&ret=B
032026007085,Сантехник,Fontanero/a,Fontanero/a (ref. 7085),Mieres,Asturias,02/10/2026,2026-10-02,EO,Edificación y obras públicas,https://www.sistemanacionalempleo.es/OfertaDifusionWEB/detalleOferta.do?modo=inicio&id=032026007085&ret=B
032026007234,Смотритель школьной столовой,Cuidador/a de comedor escolar,Cuidador/a de comedor escolar (ref. 7234),Mieres,Asturias,08/10/2026,2026-10-08,SP,Servicios a la comunidad y personales,https://www.sistemanacionalempleo.es/OfertaDifusionWEB/detalleOferta.do?modo=inicio&id=032026007234&ret=B
032026007015,Уборщик,Limpiador/a,Limpiador/a (ref.:7015),Mieres,Asturias,30/09/2026,2026-09-30,SP,Servicios a la comunidad y personales,https://www.sistemanacionalempleo.es/OfertaDifusionWEB/detalleOferta.do?modo=inicio&id=032026007015&ret=B
032026006896,,Especialista en contabilidad _ cuentas a cobrar,Especialista en contabilidad _ cuentas a cobrar (ref. 6896),Morcin,Asturias,25/09/2026,2026-09-25,AO,Administración y oficinas,https://www.sistemanacionalempleo.es/OfertaDifusionWEB/detalleOferta.do?modo=inicio&id=032026006896&ret=B
032026006986,,Especialista en logística y aprovisionamiento,Especialista en logística y aprovisionamiento (ref. 6986),Morcin,Asturias,29/09/2026,2026-09-29,CC,Comercio,https://www.sistemanacionalempleo.es/OfertaDifusionWEB/detalleOferta.do?modo=inicio&id=032026006986&ret=B
032026006876,,Técnico/a de mantenimiento -industria alimentaria,Técnico/a de mantenimiento -industria alimentaria- (ref.: 6876),Morcin,Asturias,24/09/2026,2026-09-24,MR,Mantenimiento y reparación,https://www.sistemanacionalempleo.es/OfertaDifusionWEB/detalleOferta.do?modo=inicio&id=032026006876&ret=B
032026005679,,puestos operario/a de produccion industria alimentaria nueva difusion,3 puestos operario/a de produccion industria alimentaria (ref.: 5679) nueva difusion,Morcin,Asturias,02/10/2026,2026-10-02,IA,Industrias alimentarias,https://www.sistemanacionalempleo.es/OfertaDifusionWEB/detalleOferta.do?modo=inicio&id=032026005679&ret=B
032026006453,2-й столярный работник,Oficial 2ª carpintería,Oficial 2ª carpintería (ref.6453),Nava,Asturias,02/09/2026,2026-09-02,MD,Industrias de la madera y corcho,https://www.sistemanacionalempleo.es/OfertaDifusionWEB/detalleOferta.do?modo=inicio&id=032026006453&ret=B
032026007185,,"Formador/a del c.p. ""operaciones aux. de albañilería de fábricas y cubiertas"" (eocb0208) - joven ocúpate - ayto. nava","Formador/a del c.p. ""operaciones aux. de albañilería de fábricas y cubiertas"" (eocb0208) - joven ocúpate - ayto. nava (ref: 7185)",Nava,Asturias,07/10/2026,2026-10-07,DO,Docencia e investigación,https://www.sistemanacionalempleo.es/OfertaDifusionWEB/detalleOferta.do?modo=inicio&id=032026007185&ret=B
032026006968,,Motoserrista forestal para diferentes localidades,Motoserrista forestal para diferentes localidades (ref. 6968),Nava,Asturias,29/09/2026,2026-09-29,AA,Agrario,https://www.sistemanacionalempleo.es/OfertaDifusionWEB/detalleOferta.do?modo=inicio&id=032026006968&ret=B
032026007132,,alumnos-as/trabajadores joven ocúpate-oper.aux. albañilería fábricas y cubiertas-ayto. de nava,12 alumnos-as/trabajadores joven ocúpate-oper.aux. albañilería fábricas y cubiertas-ayto. de nava (ref.7132)-,Nava,Asturias,06/10/2026,2026-10-06,EO,Edificación y obras públicas,https://www.sistemanacionalempleo.es/OfertaDifusionWEB/detalleOferta.do?modo=inicio&id=032026007132&ret=B
032026006870,,auxiliares enfermería,4 auxiliares enfermería (ref.6870),Nava,Asturias,28/09/2026,2026-09-28,SA,Sanidad,https://www.sistemanacionalempleo.es/OfertaDifusionWEB/detalleOferta.do?modo=inicio&id=032026006870&ret=B
032026007246,Каменщик,Albañil,Albañil (ref.: 7246),Nava,Asturias,08/10/2026,2026-10-08,EO,Edificación y obras públicas,https://www.sistemanacionalempleo.es/OfertaDifusionWEB/detalleOferta.do?modo=inicio&id=032026007246&ret=B
032026007017,Официант,Camarero/a,Camarero/a (ref.7017),Nava,Asturias,30/09/2026,2026-09-30,TH,Turismo y hostelería,https://www.sistemanacionalempleo.es/OfertaDifusionWEB/detalleOferta.do?modo=inicio&id=032026007017&ret=B
032026006454,Плотник-россыпщик по дереву,Carpintero/a de madera-colocador/a,Carpintero/a de madera-colocador/a (ref.6454),Nava,Asturias,02/09/2026,2026-09-02,MD,Industrias de la madera y corcho,https://www.sistemanacionalempleo.es/OfertaDifusionWEB/detalleOferta.do?modo=inicio&id=032026006454&ret=B
032026007111,Чертежник,Delineante,Delineante (ref.7111),Nava,Asturias,05/10/2026,2026-10-05,EM,Servicios a las empresas,https://www.sistemanacionalempleo.es/OfertaDifusionWEB/detalleOferta.do?modo=inicio&id=032026007111&ret=B
032026006962,,Ayudante-oficial 2ª pladurista-pintor/a,Ayudante-oficial 2ª pladurista-pintor/a (ref.:6962),Navia,Asturias,28/09/2026,2026-09-28,EO,Edificación y obras públicas,https://www.sistemanacionalempleo.es/OfertaDifusionWEB/detalleOferta.do?modo=inicio&id=032026006962&ret=B
122026009756,,Intérpretes de la lengua de signos,Intérpretes de la lengua de signos,Navia,Asturias,09/10/2026,2026-10-09,EM,Servicios a las empresas,https://www.sistemanacionalempleo.es/OfertaDifusionWEB/detalleOferta.do?modo=inicio&id=122026009756&ret=B
032026006374,,Nueva difusión-mediador/a comunicativo/a,Nueva difusión-mediador/a comunicativo/a- (ref.:6374),Navia,Asturias,08/10/2026,2026-10-08,EM,Servicios a las empresas,https://www.sistemanacionalempleo.es/OfertaDifusionWEB/detalleOferta.do?modo=inicio&id=032026006374&ret=B
032026006872,Монитор досуга и свободного времени,monitor/a de ocio y tiempo libre,1 puesto de monitor/a de ocio y tiempo libre (ref: 6872),Navia,Asturias,24/09/2026,2026-09-24,SP,Servicios a la comunidad y personales,https://www.sistemanacionalempleo.es/OfertaDifusionWEB/detalleOferta.do?modo=inicio&id=032026006872&ret=B
032026006964,Официант,Camarero/a,Camarero/a (ref.:6964),Navia,Asturias,28/09/2026,2026-09-28,TH,Turismo y hostelería,https://www.sistemanacionalempleo.es/OfertaDifusionWEB/detalleOferta.do?modo=inicio&id=032026006964&ret=B
032026007093,,Agente de seguros,Agente de seguros (ref. 7093),Noreña,Asturias,05/10/2026,2026-10-05,SF,Seguros y finanzas,https://www.sistemanacionalempleo.es/OfertaDifusionWEB/detalleOferta.do?modo=inicio&id=032026007093&ret=B
032026007014,Смотритель школьной столовой,Cuidador/a de comedor escolar,Cuidador/a de comedor escolar (ref. 7014),Noreña,Asturias,30/09/2026,2026-09-30,SP,Servicios a la comunidad y personales,https://www.sistemanacionalempleo.es/OfertaDifusionWEB/detalleOferta.do?modo=inicio&id=032026007014&ret=B
032026006779,Уборщица столовой,Limpiador/a de comedor,Limpiador/a de comedor (ref.: 6779),Noreña,Asturias,06/10/2026,2026-10-06,SP,Servicios a la comunidad y personales,https://www.sistemanacionalempleo.es/OfertaDifusionWEB/detalleOferta.do?modo=inicio&id=032026006779&ret=B
032026007167,Официант,Camarero/a,Camarero/a (ref:7167),Onis,Asturias,06/10/2026,2026-10-06,TH,Turismo y hostelería,https://www.sistemanacionalempleo.es/OfertaDifusionWEB/detalleOferta.do?modo=inicio&id=032026007167&ret=B
032026005365,,Administrativo/a laboral,Administrativo/a laboral (ref.: 5365),Oviedo,Asturias,05/10/2026,2026-10-05,EM,Servicios a las empresas,https://www.sistemanacionalempleo.es/OfertaDifusionWEB/detalleOferta.do?modo=inicio&id=032026005365&ret=B
032026007001,,Albañil - oficial de primera,Albañil - oficial de primera (ref.7001),Oviedo,Asturias,30/09/2026,2026-09-30,EO,Edificación y obras públicas,https://www.sistemanacionalempleo.es/OfertaDifusionWEB/detalleOferta.do?modo=inicio&id=032026007001&ret=B
032026006997,,Albañil/a oficial de 1ª,Albañil/a oficial de 1ª (ref: 6997),Oviedo,Asturias,30/09/2026,2026-09-30,EO,Edificación y obras públicas,https://www.sistemanacionalempleo.es/OfertaDifusionWEB/detalleOferta.do?modo=inicio&id=032026006997&ret=B
032026006596,,Asesor/a comercial,Asesor/a comercial (ref.: 6596),Oviedo,Asturias,08/10/2026,2026-10-08,CC,Comercio,https://www.sistemanacionalempleo.es/OfertaDifusionWEB/detalleOferta.do?modo=inicio&id=032026006596&ret=B
032026005457,,Ayudante de cocina nueva difusion,Ayudante de cocina (ref.: 5457) nueva difusion,Oviedo,Asturias,16/09/2026,2026-09-16,TH,Turismo y hostelería,https://www.sistemanacionalempleo.es/OfertaDifusionWEB/detalleOferta.do?modo=inicio&id=032026005457&ret=B
032026006244,,Carnicero/a sala de despiece nueva difusion,Carnicero/a sala de despiece (ref.: 6244) nueva difusion,Oviedo,Asturias,14/09/2026,2026-09-14,IA,Industrias alimentarias,https://www.sistemanacionalempleo.es/OfertaDifusionWEB/detalleOferta.do?modo=inicio&id=032026006244&ret=B
032026007071,,Cocinera/o,Cocinera/o (ref.: 7071),Oviedo,Asturias,02/10/2026,2026-10-02,TH,Turismo y hostelería,https://www.sistemanacionalempleo.es/OfertaDifusionWEB/detalleOferta.do?modo=inicio&id=032026007071&ret=B
032026005451,,Cocinero/a para cafetería restaurante nueva difusion,Cocinero/a para cafetería restaurante (ref.: 5451) nueva difusion,Oviedo,Asturias,16/09/2026,2026-09-16,TH,Turismo y hostelería,https://www.sistemanacionalempleo.es/OfertaDifusionWEB/detalleOferta.do?modo=inicio&id=032026005451&ret=B
032026006583,,Consultor/a de proteccion de datos,Consultor/a de proteccion de datos (ref.: 6583),Oviedo,Asturias,10/09/2026,2026-09-10,EM,Servicios a las empresas,https://www.sistemanacionalempleo.es/OfertaDifusionWEB/detalleOferta.do?modo=inicio&id=032026006583&ret=B
032026007040,,Iingeniero/a electríco/a ó electrónico/a,Iingeniero/a electríco/a ó electrónico/a (ref.: 7040),Oviedo,Asturias,01/10/2026,2026-10-01,FE,Industrias de fabricación de equipos electromecánicos,https://www.sistemanacionalempleo.es/OfertaDifusionWEB/detalleOferta.do?modo=inicio&id=032026007040&ret=B
032026006638,,Inspector/a de servicios urbanos,Inspector/a de servicios urbanos (ref: 6638),Oviedo,Asturias,15/09/2026,2026-09-15,SP,Servicios a la comunidad y personales,https://www.sistemanacionalempleo.es/OfertaDifusionWEB/detalleOferta.do?modo=inicio&id=032026006638&ret=B
032026006866,,Limpiador/a cristalero/a,Limpiador/a cristalero/a (ref.: 6866),Oviedo,Asturias,23/09/2026,2026-09-23,SP,Servicios a la comunidad y personales,https://www.sistemanacionalempleo.es/OfertaDifusionWEB/detalleOferta.do?modo=inicio&id=032026006866&ret=B
032026006732,,Monitor/a de baloncesto,Monitor/a de baloncesto (ref.: 6732),Oviedo,Asturias,17/09/2026,2026-09-17,SP,Servicios a la comunidad y personales,https://www.sistemanacionalempleo.es/OfertaDifusionWEB/detalleOferta.do?modo=inicio&id=032026006732&ret=B
032026007230,,Monitor/a de tenis,Monitor/a de tenis (ref.7230),Oviedo,Asturias,08/10/2026,2026-10-08,SP,Servicios a la comunidad y personales,https://www.sistemanacionalempleo.es/OfertaDifusionWEB/detalleOferta.do?modo=inicio&id=032026007230&ret=B
032026006938,,Monitor/a deportivo-patinaje,Monitor/a deportivo-patinaje (ref.6938),Oviedo,Asturias,28/09/2026,2026-09-28,SP,Servicios a la comunidad y personales,https://www.sistemanacionalempleo.es/OfertaDifusionWEB/detalleOferta.do?modo=inicio&id=032026006938&ret=B
032026006696,,Nueva difusión - 2 puestos de auxiliar de clínica,Nueva difusión - 2 puestos de auxiliar de clínica (ref.6696),Oviedo,Asturias,01/10/2026,2026-10-01,SA,Sanidad,https://www.sistemanacionalempleo.es/OfertaDifusionWEB/detalleOferta.do?modo=inicio&id=032026006696&ret=B
032026007021,,Oficial de la construccion,Oficial de la construccion (ref.: 7021),Oviedo,Asturias,30/09/2026,2026-09-30,EO,Edificación y obras públicas,https://www.sistemanacionalempleo.es/OfertaDifusionWEB/detalleOferta.do?modo=inicio&id=032026007021&ret=B
032026007239,,Profesional comunicación y marketing,Profesional comunicación y marketing (ref.: 7239),Oviedo,Asturias,08/10/2026,2026-10-08,CC,Comercio,https://www.sistemanacionalempleo.es/OfertaDifusionWEB/detalleOferta.do?modo=inicio&id=032026007239&ret=B
032026006972,,Profesor/a de ciencias,Profesor/a de ciencias(ref.6972),Oviedo,Asturias,29/09/2026,2026-09-29,DO,Docencia e investigación,https://www.sistemanacionalempleo.es/OfertaDifusionWEB/detalleOferta.do?modo=inicio&id=032026006972&ret=B
032026007221,,Profesor/a de lengua e inglés,Profesor/a de lengua e inglés (ref.: 7221),Oviedo,Asturias,08/10/2026,2026-10-08,DO,Docencia e investigación,https://www.sistemanacionalempleo.es/OfertaDifusionWEB/detalleOferta.do?modo=inicio&id=032026007221&ret=B
032026006935,,Profesor/a de teatro,Profesor/a de teatro (ref.6935),Oviedo,Asturias,28/09/2026,2026-09-28,DO,Docencia e investigación,https://www.sistemanacionalempleo.es/OfertaDifusionWEB/detalleOferta.do?modo=inicio&id=032026006935&ret=B
032026006973,,Profesor/a refuerzo educativo,Profesor/a refuerzo educativo (ref.6973),Oviedo,Asturias,29/09/2026,2026-09-29,DO,Docencia e investigación,https://www.sistemanacionalempleo.es/OfertaDifusionWEB/detalleOferta.do?modo=inicio&id=032026006973&ret=B
032026007165,,Repartidor/a de furgoneta,Repartidor/a de furgoneta (ref.: 7165),Oviedo,Asturias,07/10/2026,2026-10-07,TC,Transportes y comunicaciones,https://www.sistemanacionalempleo.es/OfertaDifusionWEB/detalleOferta.do?modo=inicio&id=032026007165&ret=B
032026007149,,Repartidor/a de sofás y colchones,Repartidor/a de sofás y colchones (ref: 7149),Oviedo,Asturias,06/10/2026,2026-10-06,TC,Transportes y comunicaciones,https://www.sistemanacionalempleo.es/OfertaDifusionWEB/detalleOferta.do?modo=inicio&id=032026007149&ret=B
032026006898,,Responsable comercial sector hospitalario,Responsable comercial sector hospitalario (ref.6898),Oviedo,Asturias,25/09/2026,2026-09-25,CC,Comercio,https://www.sistemanacionalempleo.es/OfertaDifusionWEB/detalleOferta.do?modo=inicio&id=032026006898&ret=B
032026006704,,Vendedor/a,Vendedor/a (ref.: 6704),Oviedo,Asturias,16/09/2026,2026-09-16,CC,Comercio,https://www.sistemanacionalempleo.es/OfertaDifusionWEB/detalleOferta.do?modo=inicio&id=032026006704&ret=B
032026007059,,"alumnos/as trabajadores/as ""operaciones de grabación y tratamiento de datos y documentos"", programa joven ocúpate","10 alumnos/as trabajadores/as ""operaciones de grabación y tratamiento de datos y documentos"", programa joven ocúpate (ref.: 7059)",Oviedo,Asturias,02/10/2026,2026-10-02,AO,Administración y oficinas,https://www.sistemanacionalempleo.es/OfertaDifusionWEB/detalleOferta.do?modo=inicio&id=032026007059&ret=B
032026007053,,"alumnos/as trabajadores/as auxiliares de servicios administrativos y generales/ordenanzas, programa joven ocúpate","10 alumnos/as trabajadores/as auxiliares de servicios administrativos y generales/ordenanzas, programa joven ocúpate (ref.: 7053)",Oviedo,Asturias,02/10/2026,2026-10-02,AO,Administración y oficinas,https://www.sistemanacionalempleo.es/OfertaDifusionWEB/detalleOferta.do?modo=inicio&id=032026007053&ret=B
032026006597,,encuestador/a entrevistador/a,5 puestos de encuestador/a entrevistador/a (ref.: 6597),Oviedo,Asturias,11/09/2026,2026-09-11,EM,Servicios a las empresas,https://www.sistemanacionalempleo.es/OfertaDifusionWEB/detalleOferta.do?modo=inicio&id=032026006597&ret=B
032026006276,,fisioterapeuta nueva difusion,2 puestos de fisioterapeuta (ref.: 6276) nueva difusion,Oviedo,Asturias,17/09/2026,2026-09-17,SA,Sanidad,https://www.sistemanacionalempleo.es/OfertaDifusionWEB/detalleOferta.do?modo=inicio&id=032026006276&ret=B
032026004200,,nueva difusión operario/a de mantenimiento de edificios,nueva difusión operario/a de mantenimiento de edificios (ref.4200),Oviedo,Asturias,22/09/2026,2026-09-22,EO,Edificación y obras públicas,https://www.sistemanacionalempleo.es/OfertaDifusionWEB/detalleOferta.do?modo=inicio&id=032026004200&ret=B
032026007012,,puestos auxiliar de enfermería,15 puestos auxiliar de enfermería (ref.7012),Oviedo,Asturias,30/09/2026,2026-09-30,SA,Sanidad,https://www.sistemanacionalempleo.es/OfertaDifusionWEB/detalleOferta.do?modo=inicio&id=032026007012&ret=B
032026007004,,puestos peón de obra,3 puestos peón de obra (ref.7004),Oviedo,Asturias,30/09/2026,2026-09-30,EO,Edificación y obras públicas,https://www.sistemanacionalempleo.es/OfertaDifusionWEB/detalleOferta.do?modo=inicio&id=032026007004&ret=B
032026006016,,recepcion y limpieza hotel,1 puesto de recepcion y limpieza hotel (ref.: 6016),Oviedo,Asturias,06/10/2026,2026-10-06,TH,Turismo y hostelería,https://www.sistemanacionalempleo.es/OfertaDifusionWEB/detalleOferta.do?modo=inicio&id=032026006016&ret=B
032026006909,,técnico/a de oficina técnica,2 puestos de técnico/a de oficina técnica,Oviedo,Asturias,25/09/2026,2026-09-25,EM,Servicios a las empresas,https://www.sistemanacionalempleo.es/OfertaDifusionWEB/detalleOferta.do?modo=inicio&id=032026006909&ret=B
032026007024,,técnico/a de telemetría y conducción eficiente (puesto de oficina) con discapacidad,2 puestos de técnico/a de telemetría y conducción eficiente (puesto de oficina) con discapacidad (ref: 7024),Oviedo,Asturias,30/09/2026,2026-09-30,AO,Administración y oficinas,https://www.sistemanacionalempleo.es/OfertaDifusionWEB/detalleOferta.do?modo=inicio&id=032026007024&ret=B
032026006790,Административный работник,Administrativo/a,Administrativo/a (ref: 6790),Oviedo,Asturias,21/09/2026,2026-09-21,AO,Administración y oficinas,https://www.sistemanacionalempleo.es/OfertaDifusionWEB/detalleOferta.do?modo=inicio&id=032026006790&ret=B
032026007063,Административный работник,Administrativo/a,Administrativo/a (ref.: 7063),Oviedo,Asturias,01/10/2026,2026-10-01,AO,Administración y oficinas,https://www.sistemanacionalempleo.es/OfertaDifusionWEB/detalleOferta.do?modo=inicio&id=032026007063&ret=B
032026007087,Водитель грузовика,Conductor/a de camión,Conductor/a de camión (ref.: 7087),Oviedo,Asturias,02/10/2026,2026-10-02,TC,Transportes y comunicaciones,https://www.sistemanacionalempleo.es/OfertaDifusionWEB/detalleOferta.do?modo=inicio&id=032026007087&ret=B
032026007255,Директор дома престарелых,Director/a de residencia geriátrica,Director/a de residencia geriátrica (ref:7255),Oviedo,Asturias,09/10/2026,2026-10-09,SP,Servicios a la comunidad y personales,https://www.sistemanacionalempleo.es/OfertaDifusionWEB/detalleOferta.do?modo=inicio&id=032026007255&ret=B
032026006295,Инструктор по пилатесу,Monitor/a de pilates,Monitor/a de pilates (ref.: 6295),Oviedo,Asturias,24/09/2026,2026-09-24,SP,Servicios a la comunidad y personales,https://www.sistemanacionalempleo.es/OfertaDifusionWEB/detalleOferta.do?modo=inicio&id=032026006295&ret=B
032026006739,Клерк - кассир,Dependiente/a - cajero/a,Dependiente/a - cajero/a (ref. 6739),Oviedo,Asturias,18/09/2026,2026-09-18,CC,Comercio,https://www.sistemanacionalempleo.es/OfertaDifusionWEB/detalleOferta.do?modo=inicio&id=032026006739&ret=B
032026007011,Курьер (развозчик),Repartidor/a,Repartidor/a (ref.: 7011),Oviedo,Asturias,30/09/2026,2026-09-30,TC,Transportes y comunicaciones,https://www.sistemanacionalempleo.es/OfertaDifusionWEB/detalleOferta.do?modo=inicio&id=032026007011&ret=B
032026006875,Медсестра / медбрат,Enfermero/a,Enfermero/a (ref.6875),Oviedo,Asturias,24/09/2026,2026-09-24,SA,Sanidad,https://www.sistemanacionalempleo.es/OfertaDifusionWEB/detalleOferta.do?modo=inicio&id=032026006875&ret=B
032026007026,Медсестра / медбрат,Enfermera/o,Enfermera/o (ref.:7026),Oviedo,Asturias,30/09/2026,2026-09-30,SA,Sanidad,https://www.sistemanacionalempleo.es/OfertaDifusionWEB/detalleOferta.do?modo=inicio&id=032026007026&ret=B
032026007196,Медсестра / медбрат,Enfermero/a,Enfermero/a (ref.: 7196),Oviedo,Asturias,07/10/2026,2026-10-07,SA,Sanidad,https://www.sistemanacionalempleo.es/OfertaDifusionWEB/detalleOferta.do?modo=inicio&id=032026007196&ret=B
032026005201,Новое распространение - продавец пекарни,Nueva difusión - dependiente de panadería,Nueva difusión - dependiente de panadería (ref. 5201),Oviedo,Asturias,07/10/2026,2026-10-07,CC,Comercio,https://www.sistemanacionalempleo.es/OfertaDifusionWEB/detalleOferta.do?modo=inicio&id=032026005201&ret=B
032026005758,Оператор клининга и прачечной,Operario/a de limpieza y lavanderia,Operario/a de limpieza y lavanderia (ref.: 5758),Oviedo,Asturias,16/09/2026,2026-09-16,SP,Servicios a la comunidad y personales,https://www.sistemanacionalempleo.es/OfertaDifusionWEB/detalleOferta.do?modo=inicio&id=032026005758&ret=B
032026006205,Оператор станка,Operario/a de mecanizado,Operario/a de mecanizado (ref.: 6205),Oviedo,Asturias,02/10/2026,2026-10-02,IP,Industria pesada y construcciones metálicas,https://www.sistemanacionalempleo.es/OfertaDifusionWEB/detalleOferta.do?modo=inicio&id=032026006205&ret=B
032026006715,Официант,camarero/a,2 puestos de camarero/a (ref.:6715),Oviedo,Asturias,17/09/2026,2026-09-17,TH,Turismo y hostelería,https://www.sistemanacionalempleo.es/OfertaDifusionWEB/detalleOferta.do?modo=inicio&id=032026006715&ret=B
032026006723,Официант,Camarero/a,Camarero/a(ref.6723).,Oviedo,Asturias,17/09/2026,2026-09-17,TH,Turismo y hostelería,https://www.sistemanacionalempleo.es/OfertaDifusionWEB/detalleOferta.do?modo=inicio&id=032026006723&ret=B
032026006919,Официант,Camarero/a,Camarero/a (ref.: 6919),Oviedo,Asturias,09/10/2026,2026-10-09,TH,Turismo y hostelería,https://www.sistemanacionalempleo.es/OfertaDifusionWEB/detalleOferta.do?modo=inicio&id=032026006919&ret=B
032026006743,Повар,Cocinero/a,Cocinero/a (ref. : 6743),Oviedo,Asturias,18/09/2026,2026-09-18,TH,Turismo y hostelería,https://www.sistemanacionalempleo.es/OfertaDifusionWEB/detalleOferta.do?modo=inicio&id=032026006743&ret=B
032026006928,Повар,Cocinero/a,Cocinero/a (ref:6928),Oviedo,Asturias,28/09/2026,2026-09-28,TH,Turismo y hostelería,https://www.sistemanacionalempleo.es/OfertaDifusionWEB/detalleOferta.do?modo=inicio&id=032026006928&ret=B
032026007060,Повар,Cocinero/a,Cocinero/a (ref.: 7060),Oviedo,Asturias,01/10/2026,2026-10-01,TH,Turismo y hostelería,https://www.sistemanacionalempleo.es/OfertaDifusionWEB/detalleOferta.do?modo=inicio&id=032026007060&ret=B
032026007168,Повар,cocinero/a,2 puestos de cocinero/a (ref.: 7168),Oviedo,Asturias,06/10/2026,2026-10-06,TH,Turismo y hostelería,https://www.sistemanacionalempleo.es/OfertaDifusionWEB/detalleOferta.do?modo=inicio&id=032026007168&ret=B
032026007251,Повар,Cocinero/a,Cocinero/a (ref.7251),Oviedo,Asturias,09/10/2026,2026-10-09,TH,Turismo y hostelería,https://www.sistemanacionalempleo.es/OfertaDifusionWEB/detalleOferta.do?modo=inicio&id=032026007251&ret=B
032026006828,Помощник официанта,Ayudante de camarero/a,Ayudante de camarero/a (ref.: 6828),Oviedo,Asturias,22/09/2026,2026-09-22,TH,Turismo y hostelería,https://www.sistemanacionalempleo.es/OfertaDifusionWEB/detalleOferta.do?modo=inicio&id=032026006828&ret=B
032026007250,Помощник официанта,ayudante camarero/a,2 puestos de ayudante camarero/a (ref.: 7250),Oviedo,Asturias,09/10/2026,2026-10-09,TH,Turismo y hostelería,https://www.sistemanacionalempleo.es/OfertaDifusionWEB/detalleOferta.do?modo=inicio&id=032026007250&ret=B
032026006728,Помощник повара,ayudante de cocina,2 puestos de ayudante de cocina (ref.: 6728),Oviedo,Asturias,17/09/2026,2026-09-17,TH,Turismo y hostelería,https://www.sistemanacionalempleo.es/OfertaDifusionWEB/detalleOferta.do?modo=inicio&id=032026006728&ret=B
032026007003,Помощник повара,ayudante de cocina,2 puestos de ayudante de cocina,Oviedo,Asturias,30/09/2026,2026-09-30,TH,Turismo y hostelería,https://www.sistemanacionalempleo.es/OfertaDifusionWEB/detalleOferta.do?modo=inicio&id=032026007003&ret=B
032026006591,Продавец в магазине,Dependiente/a de comercio,Dependiente/a de comercio (ref:6591),Oviedo,Asturias,02/10/2026,2026-10-02,CC,Comercio,https://www.sistemanacionalempleo.es/OfertaDifusionWEB/detalleOferta.do?modo=inicio&id=032026006591&ret=B
032026005227,Продавец мебели для сна и диванов,Vendedor/a de equipos de descanso y sofás,Vendedor/a de equipos de descanso y sofás (ref. 5227),Oviedo,Asturias,17/09/2026,2026-09-17,CC,Comercio,https://www.sistemanacionalempleo.es/OfertaDifusionWEB/detalleOferta.do?modo=inicio&id=032026005227&ret=B
032026006471,Рабочий по уборке,Operario/a de limpieza,Operario/a de limpieza (ref.: 6471),Oviedo,Asturias,03/09/2026,2026-09-03,SP,Servicios a la comunidad y personales,https://www.sistemanacionalempleo.es/OfertaDifusionWEB/detalleOferta.do?modo=inicio&id=032026006471&ret=B
032026005220,Разнорабочий-садовник,Peón-jardinero/a,Peón-jardinero/a (ref.: 5220),Oviedo,Asturias,06/10/2026,2026-10-06,AA,Agrario,https://www.sistemanacionalempleo.es/OfertaDifusionWEB/detalleOferta.do?modo=inicio&id=032026005220&ret=B
032026007143,Сантехник,Fontanero/a,Fontanero/a (ref.7143),Oviedo,Asturias,06/10/2026,2026-10-06,EO,Edificación y obras públicas,https://www.sistemanacionalempleo.es/OfertaDifusionWEB/detalleOferta.do?modo=inicio&id=032026007143&ret=B
032026007218,Сантехник,fontanero/a,2 puestos de fontanero/a (ref.7218),Oviedo,Asturias,08/10/2026,2026-10-08,EO,Edificación y obras públicas,https://www.sistemanacionalempleo.es/OfertaDifusionWEB/detalleOferta.do?modo=inicio&id=032026007218&ret=B
032026007043,Сиделка по уходу за пожилыми (герокультор),Gerocultor/a,Gerocultor/a (ref.: 7043),Oviedo,Asturias,01/10/2026,2026-10-01,SA,Sanidad,https://www.sistemanacionalempleo.es/OfertaDifusionWEB/detalleOferta.do?modo=inicio&id=032026007043&ret=B
032026007051,Сиделка по уходу за пожилыми (герокультор),Gerocultor/a,Gerocultor/a (ref.7051),Oviedo,Asturias,01/10/2026,2026-10-01,SA,Sanidad,https://www.sistemanacionalempleo.es/OfertaDifusionWEB/detalleOferta.do?modo=inicio&id=032026007051&ret=B
032026007090,Сиделка по уходу за пожилыми (герокультор),gerocultor/a,2 puestos de gerocultor/a (ref.: 7090),Oviedo,Asturias,02/10/2026,2026-10-02,SA,Sanidad,https://www.sistemanacionalempleo.es/OfertaDifusionWEB/detalleOferta.do?modo=inicio&id=032026007090&ret=B
032026006994,Смотритель школьной столовой,Cuidador/a de comedor escolar,Cuidador/a de comedor escolar (ref. 6994),Oviedo,Asturias,30/09/2026,2026-09-30,SP,Servicios a la comunidad y personales,https://www.sistemanacionalempleo.es/OfertaDifusionWEB/detalleOferta.do?modo=inicio&id=032026006994&ret=B
032026006987,Столяр / плотник,Carpintero/a,Carpintero/a (ref: 6987),Oviedo,Asturias,29/09/2026,2026-09-29,MD,Industrias de la madera y corcho,https://www.sistemanacionalempleo.es/OfertaDifusionWEB/detalleOferta.do?modo=inicio&id=032026006987&ret=B
032026006158,Техник по ремонту и обслуживанию эстетического оборудования,Técnico/a de reparación y mantenimiento de maquinaria estética,Técnico/a de reparación y mantenimiento de maquinaria estética (ref.6158),Oviedo,Asturias,01/10/2026,2026-10-01,MR,Mantenimiento y reparación,https://www.sistemanacionalempleo.es/OfertaDifusionWEB/detalleOferta.do?modo=inicio&id=032026006158&ret=B
032026006924,Уборщик,Limpiador/a,Limpiador/a (ref.:6924),Oviedo,Asturias,07/10/2026,2026-10-07,SP,Servicios a la comunidad y personales,https://www.sistemanacionalempleo.es/OfertaDifusionWEB/detalleOferta.do?modo=inicio&id=032026006924&ret=B
032026006983,Физиотерапевт,Fisioterapeuta,Fisioterapeuta (ref.: 6983),Oviedo,Asturias,29/09/2026,2026-09-29,SA,Sanidad,https://www.sistemanacionalempleo.es/OfertaDifusionWEB/detalleOferta.do?modo=inicio&id=032026006983&ret=B
032026004230,водитель транспортного средства,conductor/a vehiculo,2 puestos de conductor/a vehiculo (ref.: 4230),Oviedo,Asturias,05/10/2026,2026-10-05,TC,Transportes y comunicaciones,https://www.sistemanacionalempleo.es/OfertaDifusionWEB/detalleOferta.do?modo=inicio&id=032026004230&ret=B
032026006593,менеджер по работе с коммерческим портфелем,gestor/a comercial de servicios de cartera,5 puestos de gestor/a comercial de servicios de cartera (ref.: 6593),Oviedo,Asturias,10/09/2026,2026-09-10,CC,Comercio,https://www.sistemanacionalempleo.es/OfertaDifusionWEB/detalleOferta.do?modo=inicio&id=032026006593&ret=B
032026004231,помощник по маршруту,auxiliar de ruta,2 puestos de auxiliar de ruta (ref.: 4231),Oviedo,Asturias,05/10/2026,2026-10-05,SP,Servicios a la comunidad y personales,https://www.sistemanacionalempleo.es/OfertaDifusionWEB/detalleOferta.do?modo=inicio&id=032026004231&ret=B
032026006867,спортивный инструктор,Monitor/a deportivo,Monitor/a deportivo (ref.: 6867),Oviedo,Asturias,23/09/2026,2026-09-23,SP,Servicios a la comunidad y personales,https://www.sistemanacionalempleo.es/OfertaDifusionWEB/detalleOferta.do?modo=inicio&id=032026006867&ret=B
032026006979,Оператор производства,Operario/a de producción,Operario/a de producción (ref.: 6979),Parres,Asturias,29/09/2026,2026-09-29,IA,Industrias alimentarias,https://www.sistemanacionalempleo.es/OfertaDifusionWEB/detalleOferta.do?modo=inicio&id=032026006979&ret=B
032026007098,,Contrato formativo para adquisición de la práctica profesional - ayuntamiento de peñamellera baja,Contrato formativo para adquisición de la práctica profesional - ayuntamiento de peñamellera baja (ref. 7098),Peñamellera baja,Asturias,06/10/2026,2026-10-06,AO,Administración y oficinas,https://www.sistemanacionalempleo.es/OfertaDifusionWEB/detalleOferta.do?modo=inicio&id=032026007098&ret=B
032026007114,,peones de la construcción - plan empleo - ayuntamiento de peñamellera baja,3 peones de la construcción - plan empleo - ayuntamiento de peñamellera baja (ref. 7114),Peñamellera baja,Asturias,06/10/2026,2026-10-06,EO,Edificación y obras públicas,https://www.sistemanacionalempleo.es/OfertaDifusionWEB/detalleOferta.do?modo=inicio&id=032026007114&ret=B
032026006920,Горничная,Camarero/a de pisos,Camarero/a de pisos (ref.6920),Piloña,Asturias,25/09/2026,2026-09-25,TH,Turismo y hostelería,https://www.sistemanacionalempleo.es/OfertaDifusionWEB/detalleOferta.do?modo=inicio&id=032026006920&ret=B
032026006184,Сиделка по уходу за пожилыми (герокультор),Gerocultor/a,Gerocultor/a (ref.6184),Piloña,Asturias,19/08/2026,2026-08-19,SA,Sanidad,https://www.sistemanacionalempleo.es/OfertaDifusionWEB/detalleOferta.do?modo=inicio&id=032026006184&ret=B
032026005815,Помощник по уходу на дому,Auxiliar de ayuda a domicilio,Auxiliar de ayuda a domicilio(ref:5815),Ponga,Asturias,25/09/2026,2026-09-25,SP,Servicios a la comunidad y personales,https://www.sistemanacionalempleo.es/OfertaDifusionWEB/detalleOferta.do?modo=inicio&id=032026005815&ret=B
032026005820,Помощник по уходу на дому,Auxiliar de ayuda a domicilio,Auxiliar de ayuda a domicilio (ref:5820),Ponga,Asturias,25/09/2026,2026-09-25,SP,Servicios a la comunidad y personales,https://www.sistemanacionalempleo.es/OfertaDifusionWEB/detalleOferta.do?modo=inicio&id=032026005820&ret=B
032026007073,,Eléctrico/a de mantenimiento,Eléctrico/a de mantenimiento (ref: 7073),Pravia,Asturias,02/10/2026,2026-10-02,MR,Mantenimiento y reparación,https://www.sistemanacionalempleo.es/OfertaDifusionWEB/detalleOferta.do?modo=inicio&id=032026007073&ret=B
032026006608,,conductor/a furgoneta de 9 plazas,1 conductor/a furgoneta de 9 plazas (ref. 6608),Pravia,Asturias,11/09/2026,2026-09-11,TC,Transportes y comunicaciones,https://www.sistemanacionalempleo.es/OfertaDifusionWEB/detalleOferta.do?modo=inicio&id=032026006608&ret=B
032026006789,,peluquero/a canino (re. 6789),1 peluquero/a canino (re. 6789),Pravia,Asturias,21/09/2026,2026-09-21,SP,Servicios a la comunidad y personales,https://www.sistemanacionalempleo.es/OfertaDifusionWEB/detalleOferta.do?modo=inicio&id=032026006789&ret=B
032026006871,,tractoristas,5 tractoristas (ref. 6871),Pravia,Asturias,24/09/2026,2026-09-24,AA,Agrario,https://www.sistemanacionalempleo.es/OfertaDifusionWEB/detalleOferta.do?modo=inicio&id=032026006871&ret=B
032026006967,Официальный механик первого класса,mecánico/a oficial de 1ª,1 mecánico/a oficial de 1ª (ref. 6967),Pravia,Asturias,29/09/2026,2026-09-29,AU,Automoción,https://www.sistemanacionalempleo.es/OfertaDifusionWEB/detalleOferta.do?modo=inicio&id=032026006967&ret=B
032026007136,Официант,camarero/a,1 camarero/a (ref: 7136),Pravia,Asturias,06/10/2026,2026-10-06,TH,Turismo y hostelería,https://www.sistemanacionalempleo.es/OfertaDifusionWEB/detalleOferta.do?modo=inicio&id=032026007136&ret=B
032026005370,Персонал по уборке,personal de limpieza,2 personal de limpieza (ref: 5370),Pravia,Asturias,05/10/2026,2026-10-05,SP,Servicios a la comunidad y personales,https://www.sistemanacionalempleo.es/OfertaDifusionWEB/detalleOferta.do?modo=inicio&id=032026005370&ret=B
032026006654,Сельскохозяйственные рабочие,peones/as agrícolas,25 peones/as agrícolas (ref. 6654),Pravia,Asturias,15/09/2026,2026-09-15,AA,Agrario,https://www.sistemanacionalempleo.es/OfertaDifusionWEB/detalleOferta.do?modo=inicio&id=032026006654&ret=B
032026005174,Сельскохозяйственный разнорабочий,peón/a agrario,5 puestos de peón/a agrario (ref.: 5174),Pravia,Asturias,15/09/2026,2026-09-15,AA,Agrario,https://www.sistemanacionalempleo.es/OfertaDifusionWEB/detalleOferta.do?modo=inicio&id=032026005174&ret=B
032026005718,тракторист,tractorista,1 tractorista (ref: 5718),Pravia,Asturias,18/09/2026,2026-09-18,AA,Agrario,https://www.sistemanacionalempleo.es/OfertaDifusionWEB/detalleOferta.do?modo=inicio&id=032026005718&ret=B
032026006126,шиномонтажник,montador/a de neumàticos,1 montador/a de neumàticos (ref. 6126),Pravia,Asturias,18/08/2026,2026-08-18,AU,Automoción,https://www.sistemanacionalempleo.es/OfertaDifusionWEB/detalleOferta.do?modo=inicio&id=032026006126&ret=B
032026007151,Уборщик,Limpiador/a,Limpiador/a (ref.7151),Proaza,Asturias,06/10/2026,2026-10-06,SP,Servicios a la comunidad y personales,https://www.sistemanacionalempleo.es/OfertaDifusionWEB/detalleOferta.do?modo=inicio&id=032026007151&ret=B
032026006845,,housekeeping (habitaciones) para barzana. quirós,1 housekeeping (habitaciones) para barzana. quirós (ref.: 6845),Quiros,Asturias,22/09/2026,2026-09-22,TH,Turismo y hostelería,https://www.sistemanacionalempleo.es/OfertaDifusionWEB/detalleOferta.do?modo=inicio&id=032026006845&ret=B
032026006846,,recepcionista / restaurante para barzana. quirós,1 recepcionista / restaurante para barzana. quirós (ref.: 6846),Quiros,Asturias,22/09/2026,2026-09-22,TH,Turismo y hostelería,https://www.sistemanacionalempleo.es/OfertaDifusionWEB/detalleOferta.do?modo=inicio&id=032026006846&ret=B
032026006114,администратор/ресторан для барзаны. хирос,recepcionista / restaurante para barzana. quiros,1 recepcionista / restaurante para barzana. quiros (ref.: 6114),Quiros,Asturias,17/08/2026,2026-08-17,TH,Turismo y hostelería,https://www.sistemanacionalempleo.es/OfertaDifusionWEB/detalleOferta.do?modo=inicio&id=032026006114&ret=B
032026007283,,Limpiador/a de comedor para colombres,Limpiador/a de comedor para colombres (ref.: 7283),Ribadedeva,Asturias,09/10/2026,2026-10-09,SP,Servicios a la comunidad y personales,https://www.sistemanacionalempleo.es/OfertaDifusionWEB/detalleOferta.do?modo=inicio&id=032026007283&ret=B
032026004183,,peones de producción industrial - ribadesella,2 peones de producción industrial - ribadesella (ref. 4183),Ribadesella,Asturias,01/10/2026,2026-10-01,MT,Industrias manufactureras diversas,https://www.sistemanacionalempleo.es/OfertaDifusionWEB/detalleOferta.do?modo=inicio&id=032026004183&ret=B
032026006782,,responsables comerciales de zona- consulting para varias localidades,3 responsables comerciales de zona- consulting para varias localidades (ref.6782),Ribadesella,Asturias,21/09/2026,2026-09-21,CC,Comercio,https://www.sistemanacionalempleo.es/OfertaDifusionWEB/detalleOferta.do?modo=inicio&id=032026006782&ret=B
032026006419,Медсестра / медбрат,Enfermero/a,Enfermero/a (ref.6419),Ribadesella,Asturias,01/09/2026,2026-09-01,SA,Sanidad,https://www.sistemanacionalempleo.es/OfertaDifusionWEB/detalleOferta.do?modo=inicio&id=032026006419&ret=B
032026006740,Начальник кухни,Jefe/a de cocina,Jefe/a de cocina (ref.6740),Ribadesella,Asturias,18/09/2026,2026-09-18,TH,Turismo y hostelería,https://www.sistemanacionalempleo.es/OfertaDifusionWEB/detalleOferta.do?modo=inicio&id=032026006740&ret=B
032026007164,Повар,Cocinero/a,Cocinero/a (ref.7164),Ribadesella,Asturias,06/10/2026,2026-10-06,TH,Turismo y hostelería,https://www.sistemanacionalempleo.es/OfertaDifusionWEB/detalleOferta.do?modo=inicio&id=032026007164&ret=B
032026006151,Рабочий керамической промышленности,Peón/a industria cerámica,Peón/a industria cerámica (ref.: 6151),Ribadesella,Asturias,23/09/2026,2026-09-23,MT,Industrias manufactureras diversas,https://www.sistemanacionalempleo.es/OfertaDifusionWEB/detalleOferta.do?modo=inicio&id=032026006151&ret=B
032026006675,,Mozo/ de almacén recambista,Mozo/ de almacén recambista (ref: 6675),Salas,Asturias,15/09/2026,2026-09-15,CC,Comercio,https://www.sistemanacionalempleo.es/OfertaDifusionWEB/detalleOferta.do?modo=inicio&id=032026006675&ret=B
032026006413,водители грузовиков,conductores/as de camión,2 conductores/as de camión (ref. 6413).,Salas,Asturias,01/09/2026,2026-09-01,TC,Transportes y comunicaciones,https://www.sistemanacionalempleo.es/OfertaDifusionWEB/detalleOferta.do?modo=inicio&id=032026006413&ret=B
032026007228,Помощник по уходу на дому,Auxiliar ayuda a domicilio,Auxiliar ayuda a domicilio (ref.7228),San martin de oscos,Asturias,08/10/2026,2026-10-08,SP,Servicios a la comunidad y personales,https://www.sistemanacionalempleo.es/OfertaDifusionWEB/detalleOferta.do?modo=inicio&id=032026007228&ret=B
032026007223,,"Docente c.p. ""operaciones auxiliares de servicios administrativos y generales""(adgg0408)-programa joven ocúpate","Docente c.p. ""operaciones auxiliares de servicios administrativos y generales""(adgg0408)-programa joven ocúpate (ref.7223)",San martin del rey aurelio,Asturias,08/10/2026,2026-10-08,DO,Docencia e investigación,https://www.sistemanacionalempleo.es/OfertaDifusionWEB/detalleOferta.do?modo=inicio&id=032026007223&ret=B
032026007275,,Docente cp limpieza de superficies y mobiliario en edificios y locales (sscm0108) joven ocúpate,Docente cp limpieza de superficies y mobiliario en edificios y locales (sscm0108) joven ocúpate (ref. 7275),San martin del rey aurelio,Asturias,09/10/2026,2026-10-09,DO,Docencia e investigación,https://www.sistemanacionalempleo.es/OfertaDifusionWEB/detalleOferta.do?modo=inicio&id=032026007275&ret=B
032026007171,,"Formador/a del c.p. ""actividades auxiliares en conservación y mejora de montes"" (agar0309) joven ocúpate","Formador/a del c.p. ""actividades auxiliares en conservación y mejora de montes"" (agar0309) joven ocúpate (ref:7171)",San martin del rey aurelio,Asturias,07/10/2026,2026-10-07,DO,Docencia e investigación,https://www.sistemanacionalempleo.es/OfertaDifusionWEB/detalleOferta.do?modo=inicio&id=032026007171&ret=B
032026007238,,Guía itinerarios urbanos,Guía itinerarios urbanos (ref.:7238),San martin del rey aurelio,Asturias,08/10/2026,2026-10-08,SP,Servicios a la comunidad y personales,https://www.sistemanacionalempleo.es/OfertaDifusionWEB/detalleOferta.do?modo=inicio&id=032026007238&ret=B
032026007121,,Trabajador/a social - contrato formativo para la obtención de la práctica profesional - ayto smra,Trabajador/a social - contrato formativo para la obtención de la práctica profesional - ayto smra (ref.: 7121),San martin del rey aurelio,Asturias,05/10/2026,2026-10-05,SP,Servicios a la comunidad y personales,https://www.sistemanacionalempleo.es/OfertaDifusionWEB/detalleOferta.do?modo=inicio&id=032026007121&ret=B
032026007204,,Técnico/a de preparación de materiales programa investigo,Técnico/a de preparación de materiales programa investigo (ref.: 7204),San martin del rey aurelio,Asturias,07/10/2026,2026-10-07,IM,Información y manifestaciones artísticas,https://www.sistemanacionalempleo.es/OfertaDifusionWEB/detalleOferta.do?modo=inicio&id=032026007204&ret=B
032026007124,,auxiliares de oficina - contrato formativo para la obtención de la práctica profesional - ayto smra,4 auxiliares de oficina - contrato formativo para la obtención de la práctica profesional - ayto smra (ref.:7124),San martin del rey aurelio,Asturias,05/10/2026,2026-10-05,AO,Administración y oficinas,https://www.sistemanacionalempleo.es/OfertaDifusionWEB/detalleOferta.do?modo=inicio&id=032026007124&ret=B
032026006588,доставщик напитков,repartidor/a de bebidas,1 repartidor/a de bebidas (ref. 6588),San martin del rey aurelio,Asturias,10/09/2026,2026-09-10,CC,Comercio,https://www.sistemanacionalempleo.es/OfertaDifusionWEB/detalleOferta.do?modo=inicio&id=032026006588&ret=B
032026006693,помощник официанта/новое распространение,ayudante de camarero/a nueva difusion,2 puestos de ayudante de camarero/a (ref.: 6693) nueva difusion,San martin del rey aurelio,Asturias,28/09/2026,2026-09-28,TH,Turismo y hostelería,https://www.sistemanacionalempleo.es/OfertaDifusionWEB/detalleOferta.do?modo=inicio&id=032026006693&ret=B
032026006861,,Operario/a de molino y almacén,Operario/a de molino y almacén (ref.: 6861),Sariego,Asturias,23/09/2026,2026-09-23,CC,Comercio,https://www.sistemanacionalempleo.es/OfertaDifusionWEB/detalleOferta.do?modo=inicio&id=032026006861&ret=B
032026007023,,Técnico máquinas expendedores,Técnico máquinas expendedores.(ref. 7023),Sariego,Asturias,30/09/2026,2026-09-30,MO,Montaje e instalación,https://www.sistemanacionalempleo.es/OfertaDifusionWEB/detalleOferta.do?modo=inicio&id=032026007023&ret=B
032026006068,Менеджер торговой точки в нескольких точках,Gestor/a de punto de venta para varias localidades,Gestor/a de punto de venta para varias localidades (ref.6068),Sariego,Asturias,13/08/2026,2026-08-13,CC,Comercio,https://www.sistemanacionalempleo.es/OfertaDifusionWEB/detalleOferta.do?modo=inicio&id=032026006068&ret=B
032026006722,Физиотерапевт,Fisioterapueta,Fisioterapueta (ref. 6722),Sariego,Asturias,17/09/2026,2026-09-17,SA,Sanidad,https://www.sistemanacionalempleo.es/OfertaDifusionWEB/detalleOferta.do?modo=inicio&id=032026006722&ret=B
032026006264,бизнес-контролер,Business controller,Business controller (ref.6264),Sariego,Asturias,25/08/2026,2026-08-25,EM,Servicios a las empresas,https://www.sistemanacionalempleo.es/OfertaDifusionWEB/detalleOferta.do?modo=inicio&id=032026006264&ret=B
032026007046,,Auxiliar de geriatría noches,Auxiliar de geriatría noches (ref. 7046),Siero,Asturias,09/10/2026,2026-10-09,SA,Sanidad,https://www.sistemanacionalempleo.es/OfertaDifusionWEB/detalleOferta.do?modo=inicio&id=032026007046&ret=B
032026004091,,Camarero/a para sidrería en viella,Camarero/a para sidrería en viella (ref. 4091),Siero,Asturias,18/09/2026,2026-09-18,TH,Turismo y hostelería,https://www.sistemanacionalempleo.es/OfertaDifusionWEB/detalleOferta.do?modo=inicio&id=032026004091&ret=B
032026004108,,Cocinero/a catering,Cocinero/a catering (ref. 4108),Siero,Asturias,02/10/2026,2026-10-02,TH,Turismo y hostelería,https://www.sistemanacionalempleo.es/OfertaDifusionWEB/detalleOferta.do?modo=inicio&id=032026004108&ret=B
032026006649,,Conductor/a de grua para asistencia en carretera,Conductor/a de grua para asistencia en carretera (ref.: 6649),Siero,Asturias,07/10/2026,2026-10-07,TC,Transportes y comunicaciones,https://www.sistemanacionalempleo.es/OfertaDifusionWEB/detalleOferta.do?modo=inicio&id=032026006649&ret=B
032026002990,,Cuidador/a en centro residencial de personas con discapacidad - hevia - siero,Cuidador/a en centro residencial de personas con discapacidad - hevia - siero (ref.2990),Siero,Asturias,05/10/2026,2026-10-05,SA,Sanidad,https://www.sistemanacionalempleo.es/OfertaDifusionWEB/detalleOferta.do?modo=inicio&id=032026002990&ret=B
032026006738,,Dependiente tienda de recambios automóvil,Dependiente tienda de recambios automóvil (ref. 6738),Siero,Asturias,18/09/2026,2026-09-18,CC,Comercio,https://www.sistemanacionalempleo.es/OfertaDifusionWEB/detalleOferta.do?modo=inicio&id=032026006738&ret=B
032026006953,,Enfermero/a clínicas geriátricas,Enfermero/a clínicas geriátricas (ref. 6953),Siero,Asturias,28/09/2026,2026-09-28,SA,Sanidad,https://www.sistemanacionalempleo.es/OfertaDifusionWEB/detalleOferta.do?modo=inicio&id=032026006953&ret=B
032026006959,,Enfermero/a clínicas geriátricas,Enfermero/a clínicas geriátricas (ref. 6959),Siero,Asturias,28/09/2026,2026-09-28,SA,Sanidad,https://www.sistemanacionalempleo.es/OfertaDifusionWEB/detalleOferta.do?modo=inicio&id=032026006959&ret=B
032026006984,,Mecánico/a de automovil y vehículos pesados,Mecánico/a de automovil y vehículos pesados (ref.: 6984),Siero,Asturias,29/09/2026,2026-09-29,MR,Mantenimiento y reparación,https://www.sistemanacionalempleo.es/OfertaDifusionWEB/detalleOferta.do?modo=inicio&id=032026006984&ret=B
032026006963,,Modista/o,Modista/o (ref. 6963),Siero,Asturias,28/09/2026,2026-09-28,IT,Industrias textiles,https://www.sistemanacionalempleo.es/OfertaDifusionWEB/detalleOferta.do?modo=inicio&id=032026006963&ret=B
032026005150,,Nueva difusión - electricista,Nueva difusión - electricista (ref. 5150),Siero,Asturias,07/10/2026,2026-10-07,MO,Montaje e instalación,https://www.sistemanacionalempleo.es/OfertaDifusionWEB/detalleOferta.do?modo=inicio&id=032026005150&ret=B
032026006581,,Nueva difusión - gerocultor/a,Nueva difusión - gerocultor/a (ref.6581),Siero,Asturias,09/10/2026,2026-10-09,SA,Sanidad,https://www.sistemanacionalempleo.es/OfertaDifusionWEB/detalleOferta.do?modo=inicio&id=032026006581&ret=B
032026005846,,Nueva difusión - instalador/a de canalones y cubiertas,Nueva difusión - instalador/a de canalones y cubiertas (ref. 5846),Siero,Asturias,08/10/2026,2026-10-08,MR,Mantenimiento y reparación,https://www.sistemanacionalempleo.es/OfertaDifusionWEB/detalleOferta.do?modo=inicio&id=032026005846&ret=B
032026006507,,Nueva difusión: clasificador/a - recogedor de chatarra - conductor/a,Nueva difusión: clasificador/a - recogedor de chatarra - conductor/a (ref. 6507),Siero,Asturias,06/10/2026,2026-10-06,SP,Servicios a la comunidad y personales,https://www.sistemanacionalempleo.es/OfertaDifusionWEB/detalleOferta.do?modo=inicio&id=032026006507&ret=B
032026005991,,Nueva difusión: conductor/a gruista montaje iluminación navideña,Nueva difusión: conductor/a gruista montaje iluminación navideña (ref. 5991),Siero,Asturias,23/09/2026,2026-09-23,TC,Transportes y comunicaciones,https://www.sistemanacionalempleo.es/OfertaDifusionWEB/detalleOferta.do?modo=inicio&id=032026005991&ret=B
032026005995,,Nueva difusión: montador/a decoración navideña,Nueva difusión: montador/a decoración navideña (ref. 5995),Siero,Asturias,23/09/2026,2026-09-23,MO,Montaje e instalación,https://www.sistemanacionalempleo.es/OfertaDifusionWEB/detalleOferta.do?modo=inicio&id=032026005995&ret=B
032026005996,,Nueva difusión: oficial electricista iluminación navideña,Nueva difusión: oficial electricista iluminación navideña (ref. 5996),Siero,Asturias,23/09/2026,2026-09-23,MO,Montaje e instalación,https://www.sistemanacionalempleo.es/OfertaDifusionWEB/detalleOferta.do?modo=inicio&id=032026005996&ret=B
032026007274,,Oficial en pomarada y lagar,Oficial en pomarada y lagar (ref 7274),Siero,Asturias,09/10/2026,2026-10-09,AA,Agrario,https://www.sistemanacionalempleo.es/OfertaDifusionWEB/detalleOferta.do?modo=inicio&id=032026007274&ret=B
032026006613,,Operario hormigón y prefabricado,Operario hormigón y prefabricado (ref. 6613),Siero,Asturias,11/09/2026,2026-09-11,EO,Edificación y obras públicas,https://www.sistemanacionalempleo.es/OfertaDifusionWEB/detalleOferta.do?modo=inicio&id=032026006613&ret=B
032026007175,,Operario/a de puente grúa,Operario/a de puente grúa (ref. 7175),Siero,Asturias,07/10/2026,2026-10-07,IP,Industria pesada y construcciones metálicas,https://www.sistemanacionalempleo.es/OfertaDifusionWEB/detalleOferta.do?modo=inicio&id=032026007175&ret=B
032026005523,,Operario/a de taller almacén,Operario/a de taller almacén (ref. 5523),Siero,Asturias,01/10/2026,2026-10-01,CC,Comercio,https://www.sistemanacionalempleo.es/OfertaDifusionWEB/detalleOferta.do?modo=inicio&id=032026005523&ret=B
032026006640,,Peluquero/a de señoras,Peluquero/a de señoras (ref. 6640),Siero,Asturias,05/10/2026,2026-10-05,SP,Servicios a la comunidad y personales,https://www.sistemanacionalempleo.es/OfertaDifusionWEB/detalleOferta.do?modo=inicio&id=032026006640&ret=B
032026007216,,Profesor/a de refuerzo educativo en ciencias,Profesor/a de refuerzo educativo en ciencias (ref. 7216),Siero,Asturias,08/10/2026,2026-10-08,DO,Docencia e investigación,https://www.sistemanacionalempleo.es/OfertaDifusionWEB/detalleOferta.do?modo=inicio&id=032026007216&ret=B
032026006690,,Repartidor/a con discapacidad,Repartidor/a con discapacidad (ref. 6690),Siero,Asturias,16/09/2026,2026-09-16,TC,Transportes y comunicaciones,https://www.sistemanacionalempleo.es/OfertaDifusionWEB/detalleOferta.do?modo=inicio&id=032026006690&ret=B
032026007260,,Repartidor/a furgoneta,Repartidor/a furgoneta (ref.: 7260),Siero,Asturias,09/10/2026,2026-10-09,TC,Transportes y comunicaciones,https://www.sistemanacionalempleo.es/OfertaDifusionWEB/detalleOferta.do?modo=inicio&id=032026007260&ret=B
032026006993,,Responsable de administracion -lugones,Responsable de administracion -lugones- (ref. 6993),Siero,Asturias,30/09/2026,2026-09-30,AO,Administración y oficinas,https://www.sistemanacionalempleo.es/OfertaDifusionWEB/detalleOferta.do?modo=inicio&id=032026006993&ret=B
032026006961,,Técnico/a auxiliar,Técnico/a auxiliar (ref.: 6961),Siero,Asturias,08/10/2026,2026-10-08,MT,Industrias manufactureras diversas,https://www.sistemanacionalempleo.es/OfertaDifusionWEB/detalleOferta.do?modo=inicio&id=032026006961&ret=B
032026007217,,Técnico/a de laboratorio,Técnico/a de laboratorio (ref. 7217),Siero,Asturias,08/10/2026,2026-10-08,IA,Industrias alimentarias,https://www.sistemanacionalempleo.es/OfertaDifusionWEB/detalleOferta.do?modo=inicio&id=032026007217&ret=B
032026006699,,Vendedor autoventa,Vendedor autoventa (ref. 6699),Siero,Asturias,16/09/2026,2026-09-16,CC,Comercio,https://www.sistemanacionalempleo.es/OfertaDifusionWEB/detalleOferta.do?modo=inicio&id=032026006699&ret=B
032026007035,,dependientes/as textil hogar,2 dependientes/as textil hogar (ref. 7035),Siero,Asturias,01/10/2026,2026-10-01,CC,Comercio,https://www.sistemanacionalempleo.es/OfertaDifusionWEB/detalleOferta.do?modo=inicio&id=032026007035&ret=B
032026007018,,jefe de equipo de electrícistas,2 puestos de jefe de equipo de electrícistas (ref.: 7018),Siero,Asturias,30/09/2026,2026-09-30,MO,Montaje e instalación,https://www.sistemanacionalempleo.es/OfertaDifusionWEB/detalleOferta.do?modo=inicio&id=032026007018&ret=B
032026006594,,nueva difusión auxiliar administrativo,nueva difusión auxiliar administrativo (ref. 6594),Siero,Asturias,11/09/2026,2026-09-11,AO,Administración y oficinas,https://www.sistemanacionalempleo.es/OfertaDifusionWEB/detalleOferta.do?modo=inicio&id=032026006594&ret=B
032026006488,,nueva difusión conductor/a camión y montador/a,nueva difusión conductor/a camión y montador/a (ref.6488),Siero,Asturias,08/10/2026,2026-10-08,TC,Transportes y comunicaciones,https://www.sistemanacionalempleo.es/OfertaDifusionWEB/detalleOferta.do?modo=inicio&id=032026006488&ret=B
032026006472,,nueva difusión montador/a de carpas,nueva difusión montador/a de carpas (ref.6472),Siero,Asturias,08/10/2026,2026-10-08,MO,Montaje e instalación,https://www.sistemanacionalempleo.es/OfertaDifusionWEB/detalleOferta.do?modo=inicio&id=032026006472&ret=B
032026006467,,nueva difusión montador/a de toldos,nueva difusión montador/a de toldos (ref.6467),Siero,Asturias,08/10/2026,2026-10-08,EO,Edificación y obras públicas,https://www.sistemanacionalempleo.es/OfertaDifusionWEB/detalleOferta.do?modo=inicio&id=032026006467&ret=B
032026006322,,nueva difusión mozo/a de almacén,nueva difusión mozo/a de almacén (ref. 6322),Siero,Asturias,27/08/2026,2026-08-27,CC,Comercio,https://www.sistemanacionalempleo.es/OfertaDifusionWEB/detalleOferta.do?modo=inicio&id=032026006322&ret=B
032026007013,,oficiales electricistas,5 puestos de oficiales electricistas (ref.: 7013),Siero,Asturias,30/09/2026,2026-09-30,MO,Montaje e instalación,https://www.sistemanacionalempleo.es/OfertaDifusionWEB/detalleOferta.do?modo=inicio&id=032026007013&ret=B
032026007007,,"operarios/as, palistas y camioneros/as de obra civil","5 puestos de operarios/as, palistas y camioneros/as de obra civil (ref.: 7007)",Siero,Asturias,30/09/2026,2026-09-30,EO,Edificación y obras públicas,https://www.sistemanacionalempleo.es/OfertaDifusionWEB/detalleOferta.do?modo=inicio&id=032026007007&ret=B
032026006440,,"personal de administracion postventa y recepcion de taller -1 mieres y 1 en aviles - ""modificada""","2 puestos de personal de administracion postventa y recepcion de taller -1 mieres y 1 en aviles - (ref.6440) ""modificada""",Siero,Asturias,28/09/2026,2026-09-28,TH,Turismo y hostelería,https://www.sistemanacionalempleo.es/OfertaDifusionWEB/detalleOferta.do?modo=inicio&id=032026006440&ret=B
032026006996,,recepción - auxiliar administrativo/a,2 puestos de recepción - auxiliar administrativo/a (ref.: 6996),Siero,Asturias,30/09/2026,2026-09-30,AO,Administración y oficinas,https://www.sistemanacionalempleo.es/OfertaDifusionWEB/detalleOferta.do?modo=inicio&id=032026006996&ret=B
032026006618,Грузчик-комплектовщик склада,Mozo/a de almacén,Mozo/a de almacén (ref. 6618),Siero,Asturias,14/09/2026,2026-09-14,CC,Comercio,https://www.sistemanacionalempleo.es/OfertaDifusionWEB/detalleOferta.do?modo=inicio&id=032026006618&ret=B
032026007133,Грузчик-комплектовщик склада,Mozo/a de almacén,Mozo/a de almacén (ref. 7133),Siero,Asturias,06/10/2026,2026-10-06,CC,Comercio,https://www.sistemanacionalempleo.es/OfertaDifusionWEB/detalleOferta.do?modo=inicio&id=032026007133&ret=B
032026007002,Инструктор по пилатесу,Monitor/a de pilates,Monitor/a de pilates (ref.: 7002),Siero,Asturias,30/09/2026,2026-09-30,SP,Servicios a la comunidad y personales,https://www.sistemanacionalempleo.es/OfertaDifusionWEB/detalleOferta.do?modo=inicio&id=032026007002&ret=B
032026006439,"Каменщик, специалист 1-го разряда",Albañil oficial 1ª,Albañil oficial 1ª (ref. 6439),Siero,Asturias,08/10/2026,2026-10-08,EO,Edificación y obras públicas,https://www.sistemanacionalempleo.es/OfertaDifusionWEB/detalleOferta.do?modo=inicio&id=032026006439&ret=B
032026005965,Курьер на новом диффузионном мотоцикле,repartidor/a en moto nueva difusion,2 puestos de repartidor/a en moto (ref.: 5965) nueva difusion,Siero,Asturias,08/10/2026,2026-10-08,TC,Transportes y comunicaciones,https://www.sistemanacionalempleo.es/OfertaDifusionWEB/detalleOferta.do?modo=inicio&id=032026005965&ret=B
032026005804,Медсестра / медбрат,Enfermero/a,Enfermero/a (ref.5804),Siero,Asturias,30/09/2026,2026-09-30,SA,Sanidad,https://www.sistemanacionalempleo.es/OfertaDifusionWEB/detalleOferta.do?modo=inicio&id=032026005804&ret=B
032026006835,Монтажники металлоконструкций,montadores/as de estructuras metálicas,4 montadores/as de estructuras metálicas (ref. 6835),Siero,Asturias,22/09/2026,2026-09-22,MO,Montaje e instalación,https://www.sistemanacionalempleo.es/OfertaDifusionWEB/detalleOferta.do?modo=inicio&id=032026006835&ret=B
032026005604,Новая диффузия: повар,Nueva difusión: cocinero/a,Nueva difusión: cocinero/a (ref. 5604),Siero,Asturias,25/09/2026,2026-09-25,TH,Turismo y hostelería,https://www.sistemanacionalempleo.es/OfertaDifusionWEB/detalleOferta.do?modo=inicio&id=032026005604&ret=B
032026005058,Новая диффузная медсестра Вальдесото,nueva difusión enfermero/a valdesoto,nueva difusión enfermero/a valdesoto (ref. 5058),Siero,Asturias,09/10/2026,2026-10-09,SA,Sanidad,https://www.sistemanacionalempleo.es/OfertaDifusionWEB/detalleOferta.do?modo=inicio&id=032026005058&ret=B
032026003769,Новое распространение: физиотерапевт для lugones,Nueva difusión: fisioterapeuta para lugones,Nueva difusión: fisioterapeuta para lugones (ref. 3769),Siero,Asturias,30/09/2026,2026-09-30,SA,Sanidad,https://www.sistemanacionalempleo.es/OfertaDifusionWEB/detalleOferta.do?modo=inicio&id=032026003769&ret=B
032026006878,Персонал по уборке,Personal de limpieza,Personal de limpieza (ref. 6878),Siero,Asturias,24/09/2026,2026-09-24,SP,Servicios a la comunidad y personales,https://www.sistemanacionalempleo.es/OfertaDifusionWEB/detalleOferta.do?modo=inicio&id=032026006878&ret=B
032026007252,Помощник администратора,Auxiliar administrativo/a,Auxiliar administrativo/a (ref. 7252),Siero,Asturias,09/10/2026,2026-10-09,AO,Administración y oficinas,https://www.sistemanacionalempleo.es/OfertaDifusionWEB/detalleOferta.do?modo=inicio&id=032026007252&ret=B
032026005932,Помощник медсестры или герокультуролог,Auxiliar de enfermería o gerocultor/a,Auxiliar de enfermería o gerocultor/a (ref.: 5932),Siero,Asturias,29/09/2026,2026-09-29,SA,Sanidad,https://www.sistemanacionalempleo.es/OfertaDifusionWEB/detalleOferta.do?modo=inicio&id=032026005932&ret=B
032026006781,Сиделка по уходу за пожилыми (герокультор),Gerocultor/a,Gerocultor/a (ref. 6781),Siero,Asturias,21/09/2026,2026-09-21,SA,Sanidad,https://www.sistemanacionalempleo.es/OfertaDifusionWEB/detalleOferta.do?modo=inicio&id=032026006781&ret=B
032026006977,Сиделка по уходу за пожилыми (герокультор),gerocultor/a,3 puestos de gerocultor/a (ref. 6977),Siero,Asturias,29/09/2026,2026-09-29,SA,Sanidad,https://www.sistemanacionalempleo.es/OfertaDifusionWEB/detalleOferta.do?modo=inicio&id=032026006977&ret=B
032026007101,Сиделка по уходу за пожилыми (герокультор),Gerocultor/a,Gerocultor/a (ref. 7101),Siero,Asturias,05/10/2026,2026-10-05,SA,Sanidad,https://www.sistemanacionalempleo.es/OfertaDifusionWEB/detalleOferta.do?modo=inicio&id=032026007101&ret=B
032026006687,Сиделки по уходу за пожилыми,gerocultores/as,2 gerocultores/as (ref. 6687),Siero,Asturias,16/09/2026,2026-09-16,SA,Sanidad,https://www.sistemanacionalempleo.es/OfertaDifusionWEB/detalleOferta.do?modo=inicio&id=032026006687&ret=B
032026006149,Уборщик,limpiador/a,2 puestos de limpiador/a (ref. 6149),Siero,Asturias,24/09/2026,2026-09-24,SP,Servicios a la comunidad y personales,https://www.sistemanacionalempleo.es/OfertaDifusionWEB/detalleOferta.do?modo=inicio&id=032026006149&ret=B
032026006847,Уборщик (Lugones),Limpiador/a para lugones,Limpiador/a para lugones (ref.: 6847),Siero,Asturias,09/10/2026,2026-10-09,SP,Servicios a la comunidad y personales,https://www.sistemanacionalempleo.es/OfertaDifusionWEB/detalleOferta.do?modo=inicio&id=032026006847&ret=B
032026007261,Электрик,Electricista,Electricista (ref. 7261),Siero,Asturias,09/10/2026,2026-10-09,MO,Montaje e instalación,https://www.sistemanacionalempleo.es/OfertaDifusionWEB/detalleOferta.do?modo=inicio&id=032026007261&ret=B
032026007042,Электрик-специалист,Oficial electricista,Oficial electricista (ref. 7042),Siero,Asturias,01/10/2026,2026-10-01,EO,Edificación y obras públicas,https://www.sistemanacionalempleo.es/OfertaDifusionWEB/detalleOferta.do?modo=inicio&id=032026007042&ret=B
032026006946,вилочный погрузчик,Carretillero/a,Carretillero/a (ref.: 6946),Siero,Asturias,28/09/2026,2026-09-28,TC,Transportes y comunicaciones,https://www.sistemanacionalempleo.es/OfertaDifusionWEB/detalleOferta.do?modo=inicio&id=032026006946&ret=B
032026006844,герои культуры,gerocultores,3 gerocultores (ref. 6844),Siero,Asturias,22/09/2026,2026-09-22,SA,Sanidad,https://www.sistemanacionalempleo.es/OfertaDifusionWEB/detalleOferta.do?modo=inicio&id=032026006844&ret=B
032026006943,героикультуры или помощники. уход за больными,gerocultores o aux. de enfermería,2 gerocultores o aux. de enfermería (ref. 6943),Siero,Asturias,28/09/2026,2026-09-28,SA,Sanidad,https://www.sistemanacionalempleo.es/OfertaDifusionWEB/detalleOferta.do?modo=inicio&id=032026006943&ret=B
032026005282,новое распространение физиотерапевтов,nueva difusión fisioterapeuta,nueva difusión fisioterapeuta (ref. 5282),Siero,Asturias,13/08/2026,2026-08-13,SA,Sanidad,https://www.sistemanacionalempleo.es/OfertaDifusionWEB/detalleOferta.do?modo=inicio&id=032026005282&ret=B
032026002026,новый администратор вспомогательного вещания - берро,nueva difusión aux. administrativo - el berrón,nueva difusión aux. administrativo - el berrón (ref. 2026),Siero,Asturias,08/10/2026,2026-10-08,AO,Administración y oficinas,https://www.sistemanacionalempleo.es/OfertaDifusionWEB/detalleOferta.do?modo=inicio&id=032026002026&ret=B
032026005547,официант/новое распространение,Camarero/a nueva difusión,Camarero/a (ref.: 5547) nueva difusión,Siero,Asturias,14/09/2026,2026-09-14,TH,Turismo y hostelería,https://www.sistemanacionalempleo.es/OfertaDifusionWEB/detalleOferta.do?modo=inicio&id=032026005547&ret=B
032026005279,распространение новой медсестры,nueva difusión enfermero/a,nueva difusión enfermero/a (ref. 5279),Siero,Asturias,13/08/2026,2026-08-13,SA,Sanidad,https://www.sistemanacionalempleo.es/OfertaDifusionWEB/detalleOferta.do?modo=inicio&id=032026005279&ret=B
032026006271,распространение новой медсестры,nueva difusión enfermero/a,nueva difusión enfermero/a (ref. 6271),Siero,Asturias,09/10/2026,2026-10-09,SA,Sanidad,https://www.sistemanacionalempleo.es/OfertaDifusionWEB/detalleOferta.do?modo=inicio&id=032026006271&ret=B
032026007243,Помощник по уходу на дому,Auxiliar de ayuda a domicilio,Auxiliar de ayuda a domicilio (ref. 7243).,Somiedo,Asturias,08/10/2026,2026-10-08,SP,Servicios a la comunidad y personales,https://www.sistemanacionalempleo.es/OfertaDifusionWEB/detalleOferta.do?modo=inicio&id=032026007243&ret=B
032026007125,,administrativo/a - contrato formativo obtención práctica profesional -ayuntamiento soto del barco,1 administrativo/a - contrato formativo obtención práctica profesional -ayuntamiento soto del barco (ref. 7125),Soto del barco,Asturias,06/10/2026,2026-10-06,AO,Administración y oficinas,https://www.sistemanacionalempleo.es/OfertaDifusionWEB/detalleOferta.do?modo=inicio&id=032026007125&ret=B
032026007162,Сельскохозяйственные рабочие,peones/as agrícolas,10 peones/as agrícolas (ref. 7162),Soto del barco,Asturias,06/10/2026,2026-10-06,AA,Agrario,https://www.sistemanacionalempleo.es/OfertaDifusionWEB/detalleOferta.do?modo=inicio&id=032026007162&ret=B
032026006881,Уборщица столовой,Limpiador/a de comedor,Limpiador/a de comedor (ref.:6881),Soto del barco,Asturias,24/09/2026,2026-09-24,SP,Servicios a la comunidad y personales,https://www.sistemanacionalempleo.es/OfertaDifusionWEB/detalleOferta.do?modo=inicio&id=032026006881&ret=B
032026007028,,auxiliares de producción,2 auxiliares de producción (ref.:7028),Tapia de casariego,Asturias,30/09/2026,2026-09-30,IA,Industrias alimentarias,https://www.sistemanacionalempleo.es/OfertaDifusionWEB/detalleOferta.do?modo=inicio&id=032026007028&ret=B
032026006901,,Ayudante soldador,Ayudante soldador (ref: 6901),Tineo,Asturias,25/09/2026,2026-09-25,IP,Industria pesada y construcciones metálicas,https://www.sistemanacionalempleo.es/OfertaDifusionWEB/detalleOferta.do?modo=inicio&id=032026006901&ret=B
032026006907,,Conductor de camión,Conductor de camión (ref: 6907),Tineo,Asturias,25/09/2026,2026-09-25,TC,Transportes y comunicaciones,https://www.sistemanacionalempleo.es/OfertaDifusionWEB/detalleOferta.do?modo=inicio&id=032026006907&ret=B
032026006729,,Odontólogo/a,Odontólogo/a (ref: 6729),Tineo,Asturias,17/09/2026,2026-09-17,SA,Sanidad,https://www.sistemanacionalempleo.es/OfertaDifusionWEB/detalleOferta.do?modo=inicio&id=032026006729&ret=B
032026006241,Каменщик,Albañil,Albañil (ref: 6241),Tineo,Asturias,22/09/2026,2026-09-22,EO,Edificación y obras públicas,https://www.sistemanacionalempleo.es/OfertaDifusionWEB/detalleOferta.do?modo=inicio&id=032026006241&ret=B
032026007207,Официант,Camarero/a,Camarero/a (ref: 7207),Tineo,Asturias,07/10/2026,2026-10-07,TH,Turismo y hostelería,https://www.sistemanacionalempleo.es/OfertaDifusionWEB/detalleOferta.do?modo=inicio&id=032026007207&ret=B
032026006710,Персонал по уборке,Personal de limpieza,Personal de limpieza (ref: 6710),Tineo,Asturias,17/09/2026,2026-09-17,SP,Servicios a la comunidad y personales,https://www.sistemanacionalempleo.es/OfertaDifusionWEB/detalleOferta.do?modo=inicio&id=032026006710&ret=B
032026007088,Персонал по уборке,Personal de limpieza,Personal de limpieza (ref.: 7088),Tineo,Asturias,02/10/2026,2026-10-02,SP,Servicios a la comunidad y personales,https://www.sistemanacionalempleo.es/OfertaDifusionWEB/detalleOferta.do?modo=inicio&id=032026007088&ret=B
032026006815,Рабочий по техническому обслуживанию,Operario de mantenimiento,Operario de mantenimiento (ref: 6815),Tineo,Asturias,22/09/2026,2026-09-22,MR,Mantenimiento y reparación,https://www.sistemanacionalempleo.es/OfertaDifusionWEB/detalleOferta.do?modo=inicio&id=032026006815&ret=B
032026006718,,Repartidor/a de pizzas,Repartidor/a de pizzas (ref.6718),Valdes,Asturias,17/09/2026,2026-09-17,CC,Comercio,https://www.sistemanacionalempleo.es/OfertaDifusionWEB/detalleOferta.do?modo=inicio&id=032026006718&ret=B
032026005961,«Модифицированный» водитель доставки,"Conductor/a de reparto ""modificada""","Conductor/a de reparto (ref.5961)""modificada""",Valdes,Asturias,01/10/2026,2026-10-01,TC,Transportes y comunicaciones,https://www.sistemanacionalempleo.es/OfertaDifusionWEB/detalleOferta.do?modo=inicio&id=032026005961&ret=B
032026004924,«Модифицированный» помощник медсестры,"Auxiliar de enfermeria ""modificada""","Auxiliar de enfermeria (ref.4924)""modificada""",Valdes,Asturias,01/10/2026,2026-10-01,SA,Sanidad,https://www.sistemanacionalempleo.es/OfertaDifusionWEB/detalleOferta.do?modo=inicio&id=032026004924&ret=B
032026006180,Доставка на дом доставка дизельного топлива,Repartidor/a de gasoleo a domicilio,Repartidor/a de gasoleo a domicilio (ref.6180),Valdes,Asturias,21/09/2026,2026-09-21,TC,Transportes y comunicaciones,https://www.sistemanacionalempleo.es/OfertaDifusionWEB/detalleOferta.do?modo=inicio&id=032026006180&ret=B
032026003377,Каменщик,Albañil,Albañil (ref.3377),Valdes,Asturias,01/10/2026,2026-10-01,EO,Edificación y obras públicas,https://www.sistemanacionalempleo.es/OfertaDifusionWEB/detalleOferta.do?modo=inicio&id=032026003377&ret=B
032026005425,Медсестра / медбрат,Enfermero/a,Enfermero/a (ref.5425),Valdes,Asturias,15/09/2026,2026-09-15,SA,Sanidad,https://www.sistemanacionalempleo.es/OfertaDifusionWEB/detalleOferta.do?modo=inicio&id=032026005425&ret=B
032026005981,Младшая медсестра (санитар),Auxiliar de enfermeria,Auxiliar de enfermeria (ref.5981),Valdes,Asturias,15/09/2026,2026-09-15,SA,Sanidad,https://www.sistemanacionalempleo.es/OfertaDifusionWEB/detalleOferta.do?modo=inicio&id=032026005981&ret=B
032026006513,Помощник по различным профессиям,Ayudante de oficios varios,Ayudante de oficios varios (ref.6513),Valdes,Asturias,01/10/2026,2026-10-01,SP,Servicios a la comunidad y personales,https://www.sistemanacionalempleo.es/OfertaDifusionWEB/detalleOferta.do?modo=inicio&id=032026006513&ret=B
032026007215,Помощник повара,Ayudante de cocina,Ayudante de cocina (ref. 7215),Valdes,Asturias,08/10/2026,2026-10-08,TH,Turismo y hostelería,https://www.sistemanacionalempleo.es/OfertaDifusionWEB/detalleOferta.do?modo=inicio&id=032026007215&ret=B
032026003235,Продавец в мясной магазин «Новая диффузия»,"Dependiente/a de carniceria ""nueva difusion""","Dependiente/a de carniceria (ref.3235) ""nueva difusion""",Valdes,Asturias,21/09/2026,2026-09-21,CC,Comercio,https://www.sistemanacionalempleo.es/OfertaDifusionWEB/detalleOferta.do?modo=inicio&id=032026003235&ret=B
032026005931,Рабочий в «модифицированную» металлургическую компанию,"Trabajador/a para empresa sector metal ""modificada""","Trabajador/a para empresa sector metal (ref.5931)""modificada""",Valdes,Asturias,01/10/2026,2026-10-01,IP,Industria pesada y construcciones metálicas,https://www.sistemanacionalempleo.es/OfertaDifusionWEB/detalleOferta.do?modo=inicio&id=032026005931&ret=B
032026007289,Рабочий по техническому обслуживанию,Operario de mantenimiento,Operario de mantenimiento (ref. 7289),Valdes,Asturias,10/10/2026,2026-10-10,EO,Edificación y obras públicas,https://www.sistemanacionalempleo.es/OfertaDifusionWEB/detalleOferta.do?modo=inicio&id=032026007289&ret=B
032026006354,маляр автомобилей,Pintor/a de automóviles,Pintor/a de automóviles (ref.6354),Valdes,Asturias,28/09/2026,2026-09-28,AU,Automoción,https://www.sistemanacionalempleo.es/OfertaDifusionWEB/detalleOferta.do?modo=inicio&id=032026006354&ret=B
032026007214,помощник официанта,Ayudante de camarero,Ayudante de camarero (ref. 7214),Valdes,Asturias,08/10/2026,2026-10-08,TH,Turismo y hostelería,https://www.sistemanacionalempleo.es/OfertaDifusionWEB/detalleOferta.do?modo=inicio&id=032026007214&ret=B
032026006622,,"Higienista dental, vegadeo y navia","Higienista dental, vegadeo y navia (ref. 6622)",Vegadeo,Asturias,01/10/2026,2026-10-01,SA,Sanidad,https://www.sistemanacionalempleo.es/OfertaDifusionWEB/detalleOferta.do?modo=inicio&id=032026006622&ret=B
032026006645,,Motosierrista,Motosierrista (ref.6645),Villaviciosa,Asturias,14/09/2026,2026-09-14,AA,Agrario,https://www.sistemanacionalempleo.es/OfertaDifusionWEB/detalleOferta.do?modo=inicio&id=032026006645&ret=B
032026005843,,Nueva difusión: 2 puestos de cocinero/a,Nueva difusión: 2 puestos de cocinero/a (ref. 5843),Villaviciosa,Asturias,30/09/2026,2026-09-30,TH,Turismo y hostelería,https://www.sistemanacionalempleo.es/OfertaDifusionWEB/detalleOferta.do?modo=inicio&id=032026005843&ret=B
032026006595,,Personal de limpieza a domicilio,Personal de limpieza a domicilio (ref.: 6595),Villaviciosa,Asturias,24/09/2026,2026-09-24,SP,Servicios a la comunidad y personales,https://www.sistemanacionalempleo.es/OfertaDifusionWEB/detalleOferta.do?modo=inicio&id=032026006595&ret=B
032026006957,,Peón de almacén,Peón de almacén (ref.: 6957),Villaviciosa,Asturias,28/09/2026,2026-09-28,CC,Comercio,https://www.sistemanacionalempleo.es/OfertaDifusionWEB/detalleOferta.do?modo=inicio&id=032026006957&ret=B
032026003819,Работник мясного животноводства (КРС),Empleado/a de ganadería de vacuno de carne,Empleado/a de ganadería de vacuno de carne (ref.:3819),Villaviciosa,Asturias,25/09/2026,2026-09-25,AA,Agrario,https://www.sistemanacionalempleo.es/OfertaDifusionWEB/detalleOferta.do?modo=inicio&id=032026003819&ret=B
032026005393,коммерческие агенты,agentes comerciales,5 agentes comerciales (ref.5393),Villaviciosa,Asturias,17/09/2026,2026-09-17,CC,Comercio,https://www.sistemanacionalempleo.es/OfertaDifusionWEB/detalleOferta.do?modo=inicio&id=032026005393&ret=B
032026007119,,Cocinero/a en residencia geriátrica,Cocinero/a en residencia geriátrica (ref.:7119),el,Asturias,05/10/2026,2026-10-05,TH,Turismo y hostelería,https://www.sistemanacionalempleo.es/OfertaDifusionWEB/detalleOferta.do?modo=inicio&id=032026007119&ret=B
032026006535,Грузчик-комплектовщик склада,mozo/a de almacén,2 puestos de mozo/a de almacén (ref.:6535),el,Asturias,28/09/2026,2026-09-28,CC,Comercio,https://www.sistemanacionalempleo.es/OfertaDifusionWEB/detalleOferta.do?modo=inicio&id=032026006535&ret=B
032026005872,Сиделка по уходу за пожилыми (герокультор),Gerocultor/a,Gerocultor/a (ref.:5872),el,Asturias,29/09/2026,2026-09-29,SP,Servicios a la comunidad y personales,https://www.sistemanacionalempleo.es/OfertaDifusionWEB/detalleOferta.do?modo=inicio&id=032026005872&ret=B
